"zcta5","county","cntyname","zipname","pop2k","afact"
"ZIP Census Tabulation Area","county","cntyname","zipname","Total Pop, 2000 census","zcta5 to county alloc factor"
"66002","20005","Atchison KS","ATCHISON",12982,0.976 
"66002","20043","Doniphan KS","ATCHISON",135,0.01 
"66002","20087","Jefferson KS","ATCHISON",76,0.006 
"66002","20103","Leavenworth KS","ATCHISON",112,0.008 
"66006","20045","Douglas KS","BALDWIN CITY",6046,0.989 
"66006","20059","Franklin KS","BALDWIN CITY",65,0.011 
"66007","20103","Leavenworth KS","BASEHOR",3925,1 
"66008","20043","Doniphan KS","BENDENA",328,1 
"66010","20011","Bourbon KS","BLUE MOUND",24,0.041 
"66010","20107","Linn KS","BLUE MOUND",566,0.959 
"66012","20103","Leavenworth KS","LAKE OF THE FORE",3007,0.316 
"66012","20209","Wyandotte KS","LAKE OF THE FORE",6510,0.684 
"66013","20091","Johnson KS","BUCYRUS",774,0.44 
"66013","20121","Miami KS","BUCYRUS",986,0.56 
"66014","20003","Anderson KS","CENTERVILLE",7,0.02 
"66014","20107","Linn KS","CENTERVILLE",337,0.98 
"66015","20001","Allen KS","COLONY",94,0.115 
"66015","20003","Anderson KS","COLONY",725,0.885 
"66016","20005","Atchison KS","CUMMINGS",584,1 
"66017","20013","Brown KS","DENTON",9,0.022 
"66017","20043","Doniphan KS","DENTON",406,0.978 
"66018","20091","Johnson KS","DE SOTO",4389,1 
"66019","20091","Johnson KS","CLEARVIEW CITY",339,1 
"66020","20103","Leavenworth KS","EASTON",1707,1 
"66021","20045","Douglas KS","EDGERTON",130,0.058 
"66021","20091","Johnson KS","EDGERTON",2018,0.894 
"66021","20121","Miami KS","EDGERTON",110,0.049 
"66023","20005","Atchison KS","EFFINGHAM",1240,1 
"66024","20043","Doniphan KS","ELWOOD",890,1 
"66025","20045","Douglas KS","EUDORA",5567,0.957 
"66025","20091","Johnson KS","EUDORA",245,0.042 
"66025","20103","Leavenworth KS","EUDORA",3,0.001 
"66026","20107","Linn KS","FONTANA",122,0.202 
"66026","20121","Miami KS","FONTANA",483,0.798 
"66027","20103","Leavenworth KS","FORT LEAVENWORTH",6638,1 
"66030","20091","Johnson KS","GARDNER",11233,1 
"66032","20003","Anderson KS","GARNETT",5062,1 
"66033","20003","Anderson KS","GREELEY",642,0.84 
"66033","20059","Franklin KS","GREELEY",120,0.157 
"66033","20107","Linn KS","GREELEY",2,0.003 
"66035","20043","Doniphan KS","HIGHLAND",1260,1 
"66039","20001","Allen KS","MILDRED",12,0.017 
"66039","20003","Anderson KS","MILDRED",675,0.975 
"66039","20107","Linn KS","MILDRED",5,0.007 
"66040","20107","Linn KS","LA CYGNE",2789,0.908 
"66040","20121","Miami KS","LA CYGNE",283,0.092 
"66041","20005","Atchison KS","HURON",741,1 
"66042","20059","Franklin KS","LANE",447,1 
"66043","20103","Leavenworth KS","LANSING",9409,1 
"66044","20045","Douglas KS","LAWRENCE",30224,0.971 
"66044","20087","Jefferson KS","LAWRENCE",550,0.018 
"66044","20103","Leavenworth KS","LAWRENCE",357,0.011 
"66046","20045","Douglas KS","LAWRENCE",19981,1 
"66047","20045","Douglas KS","LAWRENCE",15122,1 
"66048","20103","Leavenworth KS","LEAVENWORTH",33860,1 
"66049","20045","Douglas KS","LAWRENCE",20338,1 
"66050","20045","Douglas KS","LECOMPTON",1564,1 
"66052","20103","Leavenworth KS","LINWOOD",1842,1 
"66053","20121","Miami KS","LOUISBURG",5607,1 
"66054","20087","Jefferson KS","MC LOUTH",2053,0.732 
"66054","20103","Leavenworth KS","MC LOUTH",753,0.268 
"66056","20107","Linn KS","MOUND CITY",1825,1 
"66058","20005","Atchison KS","MUSCOTAH",391,1 
"66060","20005","Atchison KS","NORTONVILLE",266,0.235 
"66060","20087","Jefferson KS","NORTONVILLE",868,0.765 
"66061","20091","Johnson KS","OLATHE",42280,1 
"66062","20091","Johnson KS","OLATHE",55077,1 
"66064","20059","Franklin KS","OSAWATOMIE",30,0.005 
"66064","20121","Miami KS","OSAWATOMIE",6591,0.995 
"66066","20087","Jefferson KS","OSKALOOSA",2614,1 
"66067","20059","Franklin KS","OTTAWA",15507,1 
"66070","20087","Jefferson KS","OZAWKIE",2198,1 
"66071","20121","Miami KS","PAOLA",11588,1 
"66072","20003","Anderson KS","PARKER",6,0.006 
"66072","20107","Linn KS","PARKER",1012,0.979 
"66072","20121","Miami KS","PARKER",16,0.015 
"66073","20087","Jefferson KS","PERRY",2369,1 
"66075","20107","Linn KS","PLEASANTON",2319,1 
"66076","20059","Franklin KS","POMONA",2138,1 
"66077","20005","Atchison KS","POTTER",77,1 
"66078","20059","Franklin KS","PRINCETON",977,1 
"66079","20059","Franklin KS","RANTOUL",836,1 
"66080","20003","Anderson KS","RICHMOND",150,0.146 
"66080","20059","Franklin KS","RICHMOND",879,0.854 
"66083","20091","Johnson KS","SPRING HILL",3783,0.625 
"66083","20121","Miami KS","SPRING HILL",2270,0.375 
"66085","20091","Johnson KS","STILWELL",5373,1 
"66086","20087","Jefferson KS","TONGANOXIE",37,0.005 
"66086","20103","Leavenworth KS","TONGANOXIE",6938,0.995 
"66087","20043","Doniphan KS","SEVERANCE",2042,1 
"66088","20005","Atchison KS","VALLEY FALLS",41,0.016 
"66088","20087","Jefferson KS","VALLEY FALLS",2573,0.984 
"66090","20043","Doniphan KS","WATHENA",2601,1 
"66091","20003","Anderson KS","WELDA",338,1 
"66092","20045","Douglas KS","WELLSVILLE",350,0.096 
"66092","20059","Franklin KS","WELLSVILLE",2868,0.789 
"66092","20121","Miami KS","WELLSVILLE",417,0.115 
"66093","20003","Anderson KS","WESTPHALIA",478,0.72 
"66093","20031","Coffey KS","WESTPHALIA",186,0.28 
"66094","20013","Brown KS","WHITE CLOUD",164,0.335 
"66094","20043","Doniphan KS","WHITE CLOUD",325,0.665 
"66095","20003","Anderson KS","WILLIAMSBURG",27,0.032 
"66095","20059","Franklin KS","WILLIAMSBURG",828,0.968 
"66097","20087","Jefferson KS","WINCHESTER",1129,0.997 
"66097","20103","Leavenworth KS","WINCHESTER",3,0.003 
"66101","20209","Wyandotte KS","KANSAS CITY",14601,1 
"66102","20209","Wyandotte KS","KANSAS CITY",28819,1 
"66103","20209","Wyandotte KS","ROSEDALE",14497,1 
"66104","20209","Wyandotte KS","KANSAS CITY",27452,1 
"66105","20209","Wyandotte KS","KANSAS CITY",3212,1 
"66106","20209","Wyandotte KS","LAKE QUIVIRA",24283,1 
"66109","20103","Leavenworth KS","KANSAS CITY",137,0.009 
"66109","20209","Wyandotte KS","KANSAS CITY",15719,0.991 
"66111","20209","Wyandotte KS","KANSAS CITY",10828,1 
"66112","20209","Wyandotte KS","KANSAS CITY",11960,1 
"66118","20209","Wyandotte KS","KANSAS CITY",1,1 
"66202","20091","Johnson KS","COUNTRYSIDE",16848,1 
"66203","20091","Johnson KS","SHAWNEE",20007,1 
"66204","20091","Johnson KS","OVERLAND PARK",18538,1 
"66205","20091","Johnson KS","MISSION",14008,1 
"66206","20091","Johnson KS","LEAWOOD",9626,1 
"66207","20091","Johnson KS","SHAWNEE MISSION",13301,1 
"66208","20091","Johnson KS","PRAIRIE VILLAGE",21830,1 
"66209","20091","Johnson KS","LEAWOOD",18873,1 
"66210","20091","Johnson KS","LENEXA",17900,1 
"66211","20091","Johnson KS","LEAWOOD",3422,1 
"66212","20091","Johnson KS","OVERLAND PARK",33578,1 
"66213","20091","Johnson KS","OVERLAND PARK",26424,1 
"66214","20091","Johnson KS","LENEXA",12099,1 
"66215","20091","Johnson KS","LENEXA",25228,1 
"66216","20091","Johnson KS","SHAWNEE",23436,1 
"66217","20091","Johnson KS","SHAWNEE",3859,1 
"66218","20091","Johnson KS","SHAWNEE",3081,1 
"66219","20091","Johnson KS","LENEXA",8014,1 
"66220","20091","Johnson KS","LENEXA",1499,1 
"66221","20091","Johnson KS","STANLEY",6220,1 
"66223","20091","Johnson KS","STANLEY",12862,1 
"66224","20091","Johnson KS","STANLEY",6405,1 
"66226","20091","Johnson KS","SHAWNEE",6906,1 
"66227","20091","Johnson KS","LENEXA",1611,1 
"66401","20197","Wabaunsee KS","ALMA",1735,1 
"66402","20139","Osage KS","AUBURN",35,0.013 
"66402","20177","Shawnee KS","AUBURN",2621,0.987 
"66403","20117","Marshall KS","AXTELL",746,0.948 
"66403","20131","Nemaha KS","AXTELL",41,0.052 
"66404","20131","Nemaha KS","BAILEYVILLE",622,1 
"66406","20117","Marshall KS","BEATTIE",528,1 
"66407","20149","Pottawatomie KS","BELVUE",350,0.684 
"66407","20197","Wabaunsee KS","BELVUE",162,0.316 
"66408","20131","Nemaha KS","BERN",529,1 
"66409","20045","Douglas KS","BERRYTON",161,0.057 
"66409","20177","Shawnee KS","BERRYTON",2659,0.943 
"66411","20117","Marshall KS","BLUE RAPIDS",1364,0.963 
"66411","20161","Riley KS","BLUE RAPIDS",53,0.037 
"66412","20117","Marshall KS","BREMEN",336,0.926 
"66412","20201","Washington KS","BREMEN",27,0.074 
"66413","20111","Lyon KS","BURLINGAME",41,0.022 
"66413","20139","Osage KS","BURLINGAME",1817,0.973 
"66413","20197","Wabaunsee KS","BURLINGAME",10,0.005 
"66414","20139","Osage KS","CARBONDALE",3108,1 
"66415","20131","Nemaha KS","CENTRALIA",915,1 
"66416","20085","Jackson KS","CIRCLEVILLE",418,0.979 
"66416","20131","Nemaha KS","CIRCLEVILLE",9,0.021 
"66417","20131","Nemaha KS","CORNING",393,1 
"66418","20085","Jackson KS","DELIA",552,1 
"66419","20085","Jackson KS","DENISON",411,0.899 
"66419","20087","Jefferson KS","DENISON",46,0.101 
"66422","20085","Jackson KS","EMMETT",120,0.2 
"66422","20149","Pottawatomie KS","EMMETT",480,0.8 
"66423","20197","Wabaunsee KS","ESKRIDGE",990,1 
"66424","20005","Atchison KS","EVEREST",90,0.144 
"66424","20013","Brown KS","EVEREST",534,0.856 
"66425","20013","Brown KS","FAIRVIEW",528,1 
"66427","20117","Marshall KS","WINIFRED",1457,0.977 
"66427","20149","Pottawatomie KS","WINIFRED",35,0.023 
"66428","20131","Nemaha KS","GOFF",520,1 
"66429","20087","Jefferson KS","GRANTVILLE",620,1 
"66431","20177","Shawnee KS","HARVEYVILLE",47,0.064 
"66431","20197","Wabaunsee KS","HARVEYVILLE",685,0.936 
"66432","20085","Jackson KS","HAVENSVILLE",63,0.141 
"66432","20131","Nemaha KS","HAVENSVILLE",23,0.051 
"66432","20149","Pottawatomie KS","HAVENSVILLE",362,0.808 
"66434","20013","Brown KS","RESERVE",5186,1 
"66436","20005","Atchison KS","HOLTON",145,0.026 
"66436","20085","Jackson KS","HOLTON",5357,0.972 
"66436","20087","Jefferson KS","HOLTON",9,0.002 
"66438","20117","Marshall KS","HOME",124,1 
"66439","20005","Atchison KS","HORTON",217,0.078 
"66439","20013","Brown KS","HORTON",2532,0.914 
"66439","20085","Jackson KS","HORTON",21,0.008 
"66440","20085","Jackson KS","HOYT",1903,1 
"66441","20041","Dickinson KS","JUNCTION CITY",133,0.006 
"66441","20061","Geary KS","JUNCTION CITY",21798,0.994 
"66442","20061","Geary KS","FORT RILEY",4263,0.375 
"66442","20161","Riley KS","FORT RILEY",7113,0.625 
"66449","20161","Riley KS","LEONARDVILLE",877,1 
"66450","20149","Pottawatomie KS","LOUISVILLE",193,1 
"66451","20139","Osage KS","LYNDON",1731,1 
"664XX","20161","Riley KS","664XX",11,1 
"66501","20197","Wabaunsee KS","MC FARLAND",278,1 
"66502","20061","Geary KS","MANHATTAN",32,0.001 
"66502","20149","Pottawatomie KS","MANHATTAN",1859,0.047 
"66502","20161","Riley KS","MANHATTAN",37787,0.951 
"66502","20197","Wabaunsee KS","MANHATTAN",53,0.001 
"66503","20161","Riley KS","MANHATTAN",10874,1 
"66506","20161","Riley KS","MANHATTAN",2476,1 
"66507","20197","Wabaunsee KS","MAPLE HILL",1016,1 
"66508","20117","Marshall KS","MARYSVILLE",4582,1 
"66509","20085","Jackson KS","MAYETTA",2327,1 
"66510","20139","Osage KS","MELVERN",833,1 
"66512","20085","Jackson KS","MERIDEN",100,0.032 
"66512","20087","Jefferson KS","MERIDEN",2880,0.935 
"66512","20177","Shawnee KS","MERIDEN",99,0.032 
"66514","20061","Geary KS","MILFORD",1580,1 
"66515","20013","Brown KS","MORRILL",514,1 
"66516","20013","Brown KS","NETAWAKA",60,0.144 
"66516","20085","Jackson KS","NETAWAKA",357,0.856 
"66517","20161","Riley KS","OGDEN",1728,1 
"66518","20117","Marshall KS","OKETO",220,1 
"66520","20149","Pottawatomie KS","OLSBURG",528,1 
"66521","20131","Nemaha KS","DULUTH",59,0.037 
"66521","20149","Pottawatomie KS","DULUTH",1531,0.963 
"66522","20131","Nemaha KS","ONEIDA",69,1 
"66523","20111","Lyon KS","OSAGE CITY",45,0.011 
"66523","20139","Osage KS","OSAGE CITY",4020,0.989 
"66524","20045","Douglas KS","OVERBROOK",479,0.2 
"66524","20059","Franklin KS","OVERBROOK",20,0.008 
"66524","20139","Osage KS","OVERBROOK",1853,0.774 
"66524","20177","Shawnee KS","OVERBROOK",41,0.017 
"66526","20197","Wabaunsee KS","PAXICO",732,1 
"66527","20013","Brown KS","POWHATTAN",423,1 
"66528","20059","Franklin KS","QUENEMO",69,0.074 
"66528","20139","Osage KS","QUENEMO",866,0.926 
"66531","20161","Riley KS","RILEY",1268,1 
"66532","20013","Brown KS","LEONA",592,0.693 
"66532","20043","Doniphan KS","LEONA",262,0.307 
"66533","20085","Jackson KS","ROSSVILLE",2,0.001 
"66533","20177","Shawnee KS","ROSSVILLE",1626,0.999 
"66534","20013","Brown KS","SABETHA",167,0.046 
"66534","20131","Nemaha KS","SABETHA",3459,0.954 
"66535","20149","Pottawatomie KS","SAINT GEORGE",2347,1 
"66536","20085","Jackson KS","SAINT MARYS",19,0.006 
"66536","20149","Pottawatomie KS","SAINT MARYS",2890,0.943 
"66536","20177","Shawnee KS","SAINT MARYS",130,0.042 
"66536","20197","Wabaunsee KS","SAINT MARYS",25,0.008 
"66537","20139","Osage KS","SCRANTON",1382,1 
"66538","20131","Nemaha KS","KELLY",3449,1 
"66539","20085","Jackson KS","SILVER LAKE",24,0.009 
"66539","20177","Shawnee KS","SILVER LAKE",2537,0.991 
"66540","20085","Jackson KS","SOLDIER",554,0.904 
"66540","20131","Nemaha KS","SOLDIER",50,0.082 
"66540","20149","Pottawatomie KS","SOLDIER",9,0.015 
"66541","20117","Marshall KS","SUMMERFIELD",304,1 
"66542","20177","Shawnee KS","TECUMSEH",2913,1 
"66543","20139","Osage KS","VASSAR",762,1 
"66544","20117","Marshall KS","VLIETS",349,0.964 
"66544","20131","Nemaha KS","VLIETS",13,0.036 
"66546","20139","Osage KS","WAKARUSA",18,0.02 
"66546","20177","Shawnee KS","WAKARUSA",876,0.98 
"66547","20149","Pottawatomie KS","WAMEGO",6207,0.953 
"66547","20197","Wabaunsee KS","WAMEGO",307,0.047 
"66548","20117","Marshall KS","WATERVILLE",955,0.995 
"66548","20201","Washington KS","WATERVILLE",5,0.005 
"66549","20149","Pottawatomie KS","BLAINE",1418,1 
"66550","20013","Brown KS","WETMORE",15,0.025 
"66550","20085","Jackson KS","WETMORE",22,0.036 
"66550","20131","Nemaha KS","WETMORE",566,0.939 
"66552","20085","Jackson KS","WHITING",382,1 
"66554","20161","Riley KS","RANDOLPH",561,1 
"66603","20177","Shawnee KS","TOPEKA",1998,1 
"66604","20177","Shawnee KS","TOPEKA",23816,1 
"66605","20177","Shawnee KS","TOPEKA",18944,1 
"66606","20177","Shawnee KS","TOPEKA",12206,1 
"66607","20177","Shawnee KS","TOPEKA",10026,1 
"66608","20177","Shawnee KS","TOPEKA",5772,1 
"66609","20177","Shawnee KS","TOPEKA",6964,1 
"66610","20177","Shawnee KS","TOPEKA",6752,0.995 
"66610","20197","Wabaunsee KS","TOPEKA",37,0.005 
"66611","20177","Shawnee KS","TOPEKA",9981,1 
"66612","20177","Shawnee KS","TOPEKA",2876,1 
"66614","20177","Shawnee KS","TOPEKA",30139,0.999 
"66614","20197","Wabaunsee KS","TOPEKA",22,0.001 
"66615","20177","Shawnee KS","TOPEKA",1784,0.907 
"66615","20197","Wabaunsee KS","TOPEKA",183,0.093 
"66616","20177","Shawnee KS","TOPEKA",6310,1 
"66617","20085","Jackson KS","TOPEKA",25,0.003 
"66617","20087","Jefferson KS","TOPEKA",404,0.049 
"66617","20177","Shawnee KS","TOPEKA",7759,0.948 
"66618","20177","Shawnee KS","TOPEKA",7794,1 
"66619","20177","Shawnee KS","PAULINE",3201,1 
"66701","20011","Bourbon KS","HIATTVILLE",12346,0.997 
"66701","20037","Crawford KS","HIATTVILLE",34,0.003 
"66710","20205","Wilson KS","ALTOONA",885,1 
"66711","20011","Bourbon KS","ARCADIA",49,0.067 
"66711","20037","Crawford KS","ARCADIA",681,0.933 
"66712","20037","Crawford KS","ARMA",2086,1 
"66713","20021","Cherokee KS","BAXTER SPRINGS",6027,1 
"66714","20205","Wilson KS","BENEDICT",173,1 
"66716","20001","Allen KS","BRONSON",46,0.083 
"66716","20011","Bourbon KS","BRONSON",509,0.917 
"66717","20205","Wilson KS","BUFFALO",527,1 
"66720","20001","Allen KS","CHANUTE",126,0.011 
"66720","20133","Neosho KS","CHANUTE",11199,0.957 
"66720","20205","Wilson KS","CHANUTE",366,0.031 
"66720","20207","Woodson KS","CHANUTE",8,0.001 
"66724","20037","Crawford KS","CHEROKEE",973,1 
"66725","20021","Cherokee KS","HALLOWELL",6030,1 
"66732","20001","Allen KS","ELSMORE",327,1 
"66733","20133","Neosho KS","ERIE",2370,1 
"66734","20037","Crawford KS","FARLINGTON",280,1 
"66735","20037","Crawford KS","FRANKLIN",384,1 
"66736","20049","Elk KS","LAFONTAINE",28,0.007 
"66736","20073","Greenwood KS","LAFONTAINE",10,0.002 
"66736","20125","Montgomery KS","LAFONTAINE",10,0.002 
"66736","20205","Wilson KS","LAFONTAINE",4212,0.989 
"66738","20011","Bourbon KS","FULTON",405,0.923 
"66738","20107","Linn KS","FULTON",34,0.077 
"66739","20021","Cherokee KS","GALENA",5924,1 
"66740","20133","Neosho KS","GALESBURG",402,1 
"66741","20011","Bourbon KS","GARLAND",263,1 
"66743","20037","Crawford KS","GIRARD",4285,1 
"66746","20011","Bourbon KS","HEPLER",26,0.085 
"66746","20037","Crawford KS","HEPLER",279,0.915 
"66748","20001","Allen KS","HUMBOLDT",2724,0.96 
"66748","20133","Neosho KS","HUMBOLDT",72,0.025 
"66748","20207","Woodson KS","HUMBOLDT",42,0.015 
"66749","20001","Allen KS","CARLYLE",8572,1 
"66751","20001","Allen KS","LA HARPE",1024,1 
"66753","20021","Cherokee KS","MC CUNE",201,0.167 
"66753","20037","Crawford KS","MC CUNE",935,0.775 
"66753","20099","Labette KS","MC CUNE",71,0.059 
"66754","20011","Bourbon KS","MAPLETON",432,0.904 
"66754","20107","Linn KS","MAPLETON",46,0.096 
"66755","20001","Allen KS","MORAN",1191,0.969 
"66755","20011","Bourbon KS","MORAN",38,0.031 
"66756","20037","Crawford KS","MULBERRY",1094,1 
"66757","20125","Montgomery KS","NEODESHA",232,0.059 
"66757","20205","Wilson KS","NEODESHA",3716,0.941 
"66758","20031","Coffey KS","NEOSHO FALLS",3,0.012 
"66758","20207","Woodson KS","NEOSHO FALLS",253,0.988 
"66759","20205","Wilson KS","NEW ALBANY",44,1 
"66760","20037","Crawford KS","OPOLIS",117,1 
"66761","20207","Woodson KS","PIQUA",287,1 
"66762","20021","Cherokee KS","RADLEY",288,0.012 
"66762","20037","Crawford KS","RADLEY",23790,0.988 
"66763","20037","Crawford KS","FRONTENAC",2839,1 
"66767","20107","Linn KS","PRESCOTT",513,1 
"66769","20011","Bourbon KS","REDFIELD",524,1 
"66770","20021","Cherokee KS","RIVERTON",1064,1 
"66771","20133","Neosho KS","SAINT PAUL",1089,1 
"66772","20001","Allen KS","SAVONBURG",269,0.9 
"66772","20011","Bourbon KS","SAVONBURG",30,0.1 
"66773","20021","Cherokee KS","CARONA",909,1 
"66775","20133","Neosho KS","STARK",254,1 
"66776","20133","Neosho KS","THAYER",1023,0.885 
"66776","20205","Wilson KS","THAYER",133,0.115 
"66777","20073","Greenwood KS","TORONTO",77,0.102 
"66777","20205","Wilson KS","TORONTO",7,0.009 
"66777","20207","Woodson KS","TORONTO",668,0.888 
"66778","20021","Cherokee KS","TREECE",149,1 
"66779","20011","Bourbon KS","UNIONTOWN",701,1 
"66780","20011","Bourbon KS","WALNUT",32,0.055 
"66780","20037","Crawford KS","WALNUT",433,0.744 
"66780","20133","Neosho KS","WALNUT",117,0.201 
"66781","20021","Cherokee KS","LAWTON",1505,0.979 
"66781","20037","Crawford KS","LAWTON",32,0.021 
"66782","20021","Cherokee KS","WEST MINERAL",263,1 
"66783","20207","Woodson KS","YATES CENTER",2487,1 
"66801","20017","Chase KS","EMPORIA",171,0.006 
"66801","20111","Lyon KS","EMPORIA",30188,0.994 
"66830","20111","Lyon KS","ADMIRE",300,1 
"66833","20111","Lyon KS","BUSHONG",609,1 
"66834","20061","Geary KS","ALTA VISTA",98,0.112 
"66834","20127","Morris KS","ALTA VISTA",133,0.152 
"66834","20197","Wabaunsee KS","ALTA VISTA",645,0.736 
"66835","20111","Lyon KS","AMERICUS",1347,0.999 
"66835","20127","Morris KS","AMERICUS",2,0.001 
"66838","20017","Chase KS","BURDICK",5,0.025 
"66838","20115","Marion KS","BURDICK",8,0.04 
"66838","20127","Morris KS","BURDICK",186,0.935 
"66839","20031","Coffey KS","STRAWN",4101,1 
"66840","20015","Butler KS","BURNS",401,0.484 
"66840","20017","Chase KS","BURNS",56,0.068 
"66840","20115","Marion KS","BURNS",372,0.449 
"66842","20015","Butler KS","CASSODAY",325,1 
"66843","20017","Chase KS","CLEMENTS",270,0.978 
"66843","20115","Marion KS","CLEMENTS",6,0.022 
"66845","20017","Chase KS","COTTONWOOD FALLS",1222,1 
"66846","20017","Chase KS","DUNLAP",18,0.005 
"66846","20111","Lyon KS","DUNLAP",61,0.015 
"66846","20127","Morris KS","DUNLAP",3901,0.979 
"66846","20197","Wabaunsee KS","DUNLAP",5,0.001 
"66849","20061","Geary KS","DWIGHT",168,0.272 
"66849","20127","Morris KS","DWIGHT",450,0.728 
"66850","20017","Chase KS","ELMDALE",254,1 
"66851","20115","Marion KS","FLORENCE",821,1 
"66852","20031","Coffey KS","GRIDLEY",658,0.883 
"66852","20073","Greenwood KS","GRIDLEY",68,0.091 
"66852","20207","Woodson KS","GRIDLEY",19,0.026 
"66853","20073","Greenwood KS","HAMILTON",496,1 
"66854","20031","Coffey KS","HARTFORD",159,0.161 
"66854","20111","Lyon KS","HARTFORD",829,0.839 
"66856","20031","Coffey KS","LEBO",1416,0.869 
"66856","20139","Osage KS","LEBO",214,0.131 
"66857","20031","Coffey KS","LE ROY",950,1 
"66858","20017","Chase KS","ANTELOPE",5,0.009 
"66858","20115","Marion KS","ANTELOPE",523,0.991 
"66859","20115","Marion KS","LOST SPRINGS",170,0.929 
"66859","20127","Morris KS","LOST SPRINGS",13,0.071 
"66860","20073","Greenwood KS","MADISON",1279,0.887 
"66860","20111","Lyon KS","MADISON",163,0.113 
"66861","20115","Marion KS","MARION",3405,1 
"66862","20017","Chase KS","MATFIELD GREEN",161,1 
"66863","20073","Greenwood KS","NEAL",65,1 
"66864","20031","Coffey KS","NEOSHO RAPIDS",39,0.073 
"66864","20111","Lyon KS","NEOSHO RAPIDS",494,0.927 
"66865","20111","Lyon KS","OLPE",1068,1 
"66866","20079","Harvey KS","PEABODY",104,0.053 
"66866","20115","Marion KS","PEABODY",1869,0.947 
"66868","20031","Coffey KS","READING",4,0.005 
"66868","20111","Lyon KS","READING",790,0.959 
"66868","20139","Osage KS","READING",30,0.036 
"66869","20017","Chase KS","STRONG CITY",868,1 
"66870","20073","Greenwood KS","VIRGIL",237,0.908 
"66870","20207","Woodson KS","VIRGIL",24,0.092 
"66871","20031","Coffey KS","WAVERLY",1349,0.969 
"66871","20139","Osage KS","WAVERLY",43,0.031 
"66872","20127","Morris KS","WHITE CITY",1043,1 
"66901","20029","Cloud KS","RICE",6876,0.979 
"66901","20157","Republic KS","RICE",150,0.021 
"66930","20157","Republic KS","AGENDA",132,1 
"66932","20183","Smith KS","ATHOL",201,1 
"66933","20161","Riley KS","BARNES",24,0.067 
"66933","20201","Washington KS","BARNES",336,0.933 
"66935","20157","Republic KS","BELLEVILLE",2848,1 
"66936","20089","Jewell KS","BURR OAK",556,1 
"66937","20027","Clay KS","CLIFTON",385,0.407 
"66937","20201","Washington KS","CLIFTON",560,0.593 
"66938","20027","Clay KS","CLYDE",1,0.001 
"66938","20029","Cloud KS","CLYDE",993,0.866 
"66938","20157","Republic KS","CLYDE",99,0.086 
"66938","20201","Washington KS","CLYDE",54,0.047 
"66939","20089","Jewell KS","COURTLAND",45,0.069 
"66939","20157","Republic KS","COURTLAND",607,0.931 
"66940","20157","Republic KS","CUBA",417,1 
"66941","20089","Jewell KS","ESBON",334,1 
"66942","20089","Jewell KS","FORMOSO",304,0.968 
"66942","20157","Republic KS","FORMOSO",10,0.032 
"66943","20201","Washington KS","GREENLEAF",584,1 
"66944","20201","Washington KS","HADDAM",295,1 
"66945","20201","Washington KS","HANOVER",1126,1 
"66946","20201","Washington KS","HOLLENBERG",153,1 
"66948","20029","Cloud KS","JAMESTOWN",577,0.855 
"66948","20089","Jewell KS","JAMESTOWN",13,0.019 
"66948","20157","Republic KS","JAMESTOWN",85,0.126 
"66949","20089","Jewell KS","IONIA",757,1 
"66951","20147","Phillips KS","KENSINGTON",85,0.106 
"66951","20183","Smith KS","KENSINGTON",718,0.894 
"66952","20089","Jewell KS","BELLAIRE",13,0.019 
"66952","20183","Smith KS","BELLAIRE",660,0.981 
"66953","20201","Washington KS","LINN",739,1 
"66955","20201","Washington KS","MAHASKA",166,1 
"66956","20089","Jewell KS","MANKATO",1308,1 
"66958","20201","Washington KS","MORROWVILLE",371,1 
"66959","20157","Republic KS","MUNDEN",272,1 
"66960","20157","Republic KS","NARKA",220,0.978 
"66960","20201","Washington KS","NARKA",5,0.022 
"66962","20027","Clay KS","PALMER",17,0.058 
"66962","20201","Washington KS","PALMER",275,0.942 
"66963","20089","Jewell KS","RANDALL",182,1 
"66964","20157","Republic KS","REPUBLIC",333,1 
"66966","20157","Republic KS","SCANDIA",662,1 
"66967","20183","Smith KS","SMITH CENTER",2430,1 
"66968","20201","Washington KS","WASHINGTON",1787,1 
"66970","20089","Jewell KS","WEBBER",135,1 
"669XX","20183","Smith KS","669XX",13,1 
"67001","20173","Sedgwick KS","ANDALE",1133,1 
"67002","20015","Butler KS","ANDOVER",9357,1 
"67003","20077","Harper KS","ANTHONY",2912,1 
"67004","20077","Harper KS","ARGONIA",58,0.062 
"67004","20191","Sumner KS","ARGONIA",882,0.938 
"67005","20035","Cowley KS","ARKANSAS CITY",16256,1 
"67008","20015","Butler KS","ATLANTA",172,0.219 
"67008","20035","Cowley KS","ATLANTA",615,0.781 
"67009","20077","Harper KS","ATTICA",875,1 
"67010","20015","Butler KS","AUGUSTA",12983,1 
"67012","20015","Butler KS","BEAUMONT",94,1 
"67013","20191","Sumner KS","BELLE PLAINE",3350,1 
"67016","20173","Sedgwick KS","BENTLEY",355,1 
"67017","20015","Butler KS","BENTON",1823,0.939 
"67017","20173","Sedgwick KS","BENTON",119,0.061 
"67018","20077","Harper KS","BLUFF CITY",150,0.974 
"67018","20191","Sumner KS","BLUFF CITY",4,0.026 
"67019","20035","Cowley KS","BURDEN",1067,1 
"67020","20079","Harvey KS","BURRTON",1401,0.799 
"67020","20155","Reno KS","BURRTON",313,0.178 
"67020","20173","Sedgwick KS","BURRTON",40,0.023 
"67021","20151","Pratt KS","BYERS",102,1 
"67022","20077","Harper KS","CALDWELL",2,0.001 
"67022","20191","Sumner KS","CALDWELL",1814,0.999 
"67023","20035","Cowley KS","CAMBRIDGE",240,1 
"67024","20019","Chautauqua KS","CEDAR VALE",986,0.911 
"67024","20035","Cowley KS","CEDAR VALE",96,0.089 
"67025","20095","Kingman KS","CHENEY",614,0.177 
"67025","20155","Reno KS","CHENEY",25,0.007 
"67025","20173","Sedgwick KS","CHENEY",2837,0.816 
"67026","20173","Sedgwick KS","CLEARWATER",4203,0.958 
"67026","20191","Sumner KS","CLEARWATER",186,0.042 
"67028","20007","Barber KS","COATS",41,0.155 
"67028","20097","Kiowa KS","COATS",34,0.129 
"67028","20151","Pratt KS","COATS",189,0.716 
"67029","20033","Comanche KS","COLDWATER",1049,0.991 
"67029","20097","Kiowa KS","COLDWATER",9,0.009 
"67030","20173","Sedgwick KS","COLWICH",2361,1 
"67031","20173","Sedgwick KS","CONWAY SPRINGS",41,0.017 
"67031","20191","Sumner KS","CONWAY SPRINGS",2317,0.983 
"67035","20095","Kingman KS","PENALOSA",959,0.875 
"67035","20151","Pratt KS","PENALOSA",93,0.085 
"67035","20155","Reno KS","PENALOSA",44,0.04 
"67036","20077","Harper KS","DANVILLE",182,1 
"67037","20173","Sedgwick KS","DERBY",22499,1 
"67038","20035","Cowley KS","DEXTER",676,1 
"67039","20015","Butler KS","DOUGLASS",3374,0.972 
"67039","20035","Cowley KS","DOUGLASS",98,0.028 
"67041","20015","Butler KS","ELBING",218,1 
"67042","20015","Butler KS","EL DORADO",17127,1 
"67045","20073","Greenwood KS","EUREKA",4078,1 
"67047","20049","Elk KS","FALL RIVER",104,0.123 
"67047","20073","Greenwood KS","FALL RIVER",478,0.567 
"67047","20205","Wilson KS","FALL RIVER",261,0.31 
"67049","20077","Harper KS","FREEPORT",64,0.914 
"67049","20191","Sumner KS","FREEPORT",6,0.086 
"67050","20173","Sedgwick KS","GARDEN PLAIN",1766,1 
"67051","20035","Cowley KS","GEUDA SPRINGS",32,0.066 
"67051","20191","Sumner KS","GEUDA SPRINGS",453,0.934 
"67052","20173","Sedgwick KS","GODDARD",5799,1 
"67053","20115","Marion KS","GOESSEL",592,1 
"67054","20097","Kiowa KS","GREENSBURG",1943,1 
"67056","20079","Harvey KS","HALSTEAD",2704,1 
"67057","20007","Barber KS","HARDTNER",254,1 
"67058","20077","Harper KS","HARPER",2189,0.99 
"67058","20095","Kingman KS","HARPER",22,0.01 
"67059","20047","Edwards KS","HAVILAND",102,0.104 
"67059","20097","Kiowa KS","HAVILAND",845,0.863 
"67059","20151","Pratt KS","HAVILAND",32,0.033 
"67060","20173","Sedgwick KS","HAYSVILLE",11542,1 
"67061","20007","Barber KS","HAZELTON",204,0.84 
"67061","20077","Harper KS","HAZELTON",39,0.16 
"67062","20079","Harvey KS","HESSTON",4053,0.994 
"67062","20113","McPherson KS","HESSTON",26,0.006 
"67063","20115","Marion KS","HILLSBORO",3848,1 
"67065","20007","Barber KS","ISABEL",175,0.697 
"67065","20151","Pratt KS","ISABEL",76,0.303 
"67066","20151","Pratt KS","IUKA",321,1 
"67067","20173","Sedgwick KS","KECHI",1232,1 
"67068","20095","Kingman KS","BELMONT",4705,0.987 
"67068","20155","Reno KS","BELMONT",64,0.013 
"67070","20007","Barber KS","KIOWA",1230,1 
"67071","20007","Barber KS","LAKE CITY",137,1 
"67072","20015","Butler KS","LATHAM",302,0.932 
"67072","20035","Cowley KS","LATHAM",8,0.025 
"67072","20049","Elk KS","LATHAM",14,0.043 
"67073","20115","Marion KS","LEHIGH",351,1 
"67074","20015","Butler KS","LEON",1717,1 
"670XX","20035","Cowley KS","670XX",4,1 
"67101","20173","Sedgwick KS","MAIZE",2502,1 
"67102","20035","Cowley KS","MAPLE CITY",45,1 
"67103","20191","Sumner KS","MAYFIELD",292,1 
"67104","20007","Barber KS","MEDICINE LODGE",2725,1 
"67105","20191","Sumner KS","MILAN",260,1 
"67106","20095","Kingman KS","MILTON",7,0.015 
"67106","20173","Sedgwick KS","MILTON",69,0.152 
"67106","20191","Sumner KS","MILTON",377,0.832 
"67107","20079","Harvey KS","MOUNDRIDGE",309,0.111 
"67107","20113","McPherson KS","MOUNDRIDGE",2478,0.889 
"67108","20155","Reno KS","MOUNT HOPE",464,0.242 
"67108","20173","Sedgwick KS","MOUNT HOPE",1456,0.758 
"67109","20097","Kiowa KS","MULLINVILLE",421,1 
"67110","20035","Cowley KS","MULVANE",79,0.01 
"67110","20173","Sedgwick KS","MULVANE",5160,0.663 
"67110","20191","Sumner KS","MULVANE",2548,0.327 
"67111","20095","Kingman KS","MURDOCK",401,1 
"67112","20007","Barber KS","NASHVILLE",5,0.016 
"67112","20095","Kingman KS","NASHVILLE",314,0.984 
"67114","20015","Butler KS","NEWTON",186,0.009 
"67114","20079","Harvey KS","NEWTON",20016,0.97 
"67114","20113","McPherson KS","NEWTON",32,0.002 
"67114","20115","Marion KS","NEWTON",409,0.02 
"67117","20079","Harvey KS","NORTH NEWTON",1446,1 
"67118","20077","Harper KS","NORWICH",6,0.007 
"67118","20095","Kingman KS","NORWICH",878,0.967 
"67118","20173","Sedgwick KS","NORWICH",16,0.018 
"67118","20191","Sumner KS","NORWICH",8,0.009 
"67119","20035","Cowley KS","OXFORD",143,0.086 
"67119","20191","Sumner KS","OXFORD",1527,0.914 
"67120","20173","Sedgwick KS","PECK",483,0.36 
"67120","20191","Sumner KS","PECK",857,0.64 
"67122","20049","Elk KS","PIEDMONT",50,0.225 
"67122","20073","Greenwood KS","PIEDMONT",172,0.775 
"67123","20015","Butler KS","POTWIN",718,1 
"67124","20151","Pratt KS","PRATT",8031,1 
"67127","20025","Clark KS","PROTECTION",34,0.044 
"67127","20033","Comanche KS","PROTECTION",737,0.956 
"67128","20095","Kingman KS","RAGO",113,1 
"67131","20035","Cowley KS","ROCK",87,1 
"67132","20015","Butler KS","ROSALIA",349,1 
"67133","20015","Butler KS","ROSE HILL",6047,1 
"67134","20007","Barber KS","SAWYER",25,0.063 
"67134","20151","Pratt KS","SAWYER",374,0.937 
"67135","20079","Harvey KS","SEDGWICK",2000,0.631 
"67135","20173","Sedgwick KS","SEDGWICK",1170,0.369 
"67137","20049","Elk KS","CLIMAX",44,0.058 
"67137","20073","Greenwood KS","CLIMAX",713,0.942 
"67138","20007","Barber KS","SHARON",413,0.988 
"67138","20077","Harper KS","SHARON",5,0.012 
"67140","20191","Sumner KS","SOUTH HAVEN",894,1 
"67142","20095","Kingman KS","SPIVEY",391,1 
"67143","20007","Barber KS","SUN CITY",98,1 
"67144","20015","Butler KS","TOWANDA",2947,1 
"67146","20035","Cowley KS","UDALL",1678,0.931 
"67146","20191","Sumner KS","UDALL",125,0.069 
"67147","20079","Harvey KS","VALLEY CENTER",63,0.008 
"67147","20173","Sedgwick KS","VALLEY CENTER",8011,0.992 
"67149","20173","Sedgwick KS","VIOLA",1049,1 
"67150","20077","Harper KS","WALDRON",29,1 
"67151","20079","Harvey KS","WALTON",490,0.933 
"67151","20115","Marion KS","WALTON",35,0.067 
"67152","20191","Sumner KS","WELLINGTON",10046,1 
"67154","20015","Butler KS","WHITEWATER",1338,0.864 
"67154","20079","Harvey KS","WHITEWATER",211,0.136 
"67155","20033","Comanche KS","WILMORE",181,0.887 
"67155","20097","Kiowa KS","WILMORE",23,0.113 
"67156","20035","Cowley KS","WINFIELD",15167,1 
"67159","20077","Harper KS","ZENDA",25,0.153 
"67159","20095","Kingman KS","ZENDA",138,0.847 
"67202","20173","Sedgwick KS","WICHITA",860,1 
"67203","20173","Sedgwick KS","WICHITA",31020,1 
"67204","20173","Sedgwick KS","WICHITA",20225,1 
"67205","20173","Sedgwick KS","WICHITA",8390,1 
"67206","20173","Sedgwick KS","EASTBOROUGH",13377,1 
"67207","20173","Sedgwick KS","EASTBOROUGH",22702,1 
"67208","20173","Sedgwick KS","WICHITA",19346,1 
"67209","20173","Sedgwick KS","WICHITA",12725,1 
"67210","20173","Sedgwick KS","WICHITA",11203,1 
"67211","20173","Sedgwick KS","WICHITA",20867,1 
"67212","20173","Sedgwick KS","WICHITA",45590,1 
"67213","20173","Sedgwick KS","WICHITA",21558,1 
"67214","20173","Sedgwick KS","WICHITA",17875,1 
"67215","20173","Sedgwick KS","WICHITA",4363,1 
"67216","20173","Sedgwick KS","WICHITA",25322,1 
"67217","20173","Sedgwick KS","WICHITA",29985,1 
"67218","20173","Sedgwick KS","WICHITA",23589,1 
"67219","20173","Sedgwick KS","PARK CITY",10538,1 
"67220","20173","Sedgwick KS","BEL AIRE",12154,1 
"67226","20173","Sedgwick KS","WICHITA",14869,1 
"67230","20015","Butler KS","WICHITA",4,0.001 
"67230","20173","Sedgwick KS","WICHITA",6198,0.999 
"67235","20173","Sedgwick KS","WICHITA",6270,1 
"67301","20125","Montgomery KS","INDEPENDENCE",13739,1 
"67330","20099","Labette KS","ALTAMONT",1570,1 
"67332","20099","Labette KS","BARTLETT",272,1 
"67333","20125","Montgomery KS","CANEY",2995,1 
"67334","20019","Chautauqua KS","CHAUTAUQUA",76,1 
"67335","20099","Labette KS","CHERRYVALE",408,0.112 
"67335","20125","Montgomery KS","CHERRYVALE",3229,0.886 
"67335","20205","Wilson KS","CHERRYVALE",8,0.002 
"67336","20021","Cherokee KS","CHETOPA",188,0.104 
"67336","20099","Labette KS","CHETOPA",1616,0.896 
"67337","20099","Labette KS","COFFEYVILLE",303,0.021 
"67337","20125","Montgomery KS","COFFEYVILLE",13969,0.979 
"67340","20125","Montgomery KS","DEARING",411,1 
"67341","20099","Labette KS","DENNIS",314,1 
"67342","20099","Labette KS","EDNA",943,1 
"67344","20019","Chautauqua KS","ELK CITY",169,0.179 
"67344","20049","Elk KS","ELK CITY",69,0.073 
"67344","20125","Montgomery KS","ELK CITY",708,0.748 
"67345","20049","Elk KS","ELK FALLS",177,1 
"67346","20019","Chautauqua KS","GRENOLA",78,0.191 
"67346","20049","Elk KS","GRENOLA",330,0.809 
"67347","20019","Chautauqua KS","HAVANA",51,0.143 
"67347","20125","Montgomery KS","HAVANA",306,0.857 
"67349","20049","Elk KS","HOWARD",1191,1 
"67351","20099","Labette KS","LIBERTY",38,0.097 
"67351","20125","Montgomery KS","LIBERTY",353,0.903 
"67352","20019","Chautauqua KS","LONGTON",36,0.053 
"67352","20049","Elk KS","LONGTON",637,0.947 
"67353","20019","Chautauqua KS","MOLINE",50,0.076 
"67353","20049","Elk KS","MOLINE",612,0.924 
"67354","20099","Labette KS","MOUND VALLEY",790,1 
"67355","20019","Chautauqua KS","NIOTAZE",256,1 
"67356","20021","Cherokee KS","OSWEGO",57,0.019 
"67356","20099","Labette KS","OSWEGO",2950,0.981 
"67357","20099","Labette KS","PARSONS",13560,0.966 
"67357","20133","Neosho KS","PARSONS",471,0.034 
"67360","20019","Chautauqua KS","PERU",433,1 
"67361","20019","Chautauqua KS","SEDAN",2224,1 
"67363","20125","Montgomery KS","SYCAMORE",74,1 
"67364","20125","Montgomery KS","TYRO",226,1 
"673XX","20049","Elk KS","673XX",5,1 
"67401","20143","Ottawa KS","BAVARIA",133,0.003 
"67401","20169","Saline KS","BAVARIA",49277,0.997 
"67410","20027","Clay KS","ABILENE",46,0.005 
"67410","20041","Dickinson KS","ABILENE",9872,0.995 
"67416","20113","McPherson KS","ASSARIA",1,0.001 
"67416","20169","Saline KS","ASSARIA",1249,0.999 
"67417","20029","Cloud KS","AURORA",239,1 
"67418","20105","Lincoln KS","BARNARD",241,0.916 
"67418","20123","Mitchell KS","BARNARD",22,0.084 
"67420","20029","Cloud KS","SCOTTSVILLE",39,0.008 
"67420","20089","Jewell KS","SCOTTSVILLE",3,0.001 
"67420","20123","Mitchell KS","SCOTTSVILLE",5050,0.992 
"67422","20143","Ottawa KS","BENNINGTON",1132,1 
"67423","20105","Lincoln KS","BEVERLY",425,1 
"67425","20053","Ellsworth KS","BROOKVILLE",133,0.201 
"67425","20169","Saline KS","BROOKVILLE",528,0.799 
"67427","20053","Ellsworth KS","BUSHTON",47,0.096 
"67427","20159","Rice KS","BUSHTON",444,0.904 
"67428","20113","McPherson KS","CANTON",1540,0.952 
"67428","20115","Marion KS","CANTON",77,0.048 
"67430","20089","Jewell KS","CAWKER CITY",96,0.125 
"67430","20123","Mitchell KS","CAWKER CITY",641,0.832 
"67430","20141","Osborne KS","CAWKER CITY",11,0.014 
"67430","20183","Smith KS","CAWKER CITY",22,0.029 
"67431","20041","Dickinson KS","CHAPMAN",2264,1 
"67432","20027","Clay KS","CLAY CENTER",6167,0.989 
"67432","20143","Ottawa KS","CLAY CENTER",59,0.009 
"67432","20161","Riley KS","CLAY CENTER",10,0.002 
"67436","20029","Cloud KS","DELPHOS",50,0.065 
"67436","20143","Ottawa KS","DELPHOS",714,0.935 
"67437","20141","Osborne KS","DOWNS",1245,0.961 
"67437","20183","Smith KS","DOWNS",51,0.039 
"67438","20115","Marion KS","DURHAM",324,1 
"67439","20053","Ellsworth KS","ELLSWORTH",3545,0.996 
"67439","20105","Lincoln KS","ELLSWORTH",14,0.004 
"67441","20041","Dickinson KS","ENTERPRISE",1098,1 
"67442","20169","Saline KS","FALUN",223,1 
"67443","20113","McPherson KS","GALVA",1596,1 
"67444","20053","Ellsworth KS","GENESEO",175,0.316 
"67444","20159","Rice KS","GENESEO",378,0.684 
"67445","20029","Cloud KS","GLASCO",752,0.988 
"67445","20143","Ottawa KS","GLASCO",9,0.012 
"67446","20089","Jewell KS","GLEN ELDER",45,0.066 
"67446","20123","Mitchell KS","GLEN ELDER",641,0.934 
"67447","20027","Clay KS","GREEN",314,0.837 
"67447","20161","Riley KS","GREEN",61,0.163 
"67448","20041","Dickinson KS","GYPSUM",200,0.141 
"67448","20113","McPherson KS","GYPSUM",269,0.189 
"67448","20169","Saline KS","GYPSUM",951,0.67 
"67449","20041","Dickinson KS","DELAVAN",2913,0.884 
"67449","20115","Marion KS","DELAVAN",6,0.002 
"67449","20127","Morris KS","DELAVAN",376,0.114 
"67450","20009","Barton KS","HOLYROOD",37,0.059 
"67450","20053","Ellsworth KS","HOLYROOD",586,0.941 
"67451","20041","Dickinson KS","HOPE",1051,1 
"67452","20105","Lincoln KS","HUNTER",82,0.342 
"67452","20123","Mitchell KS","HUNTER",158,0.658 
"67454","20053","Ellsworth KS","KANOPOLIS",650,1 
"67455","20105","Lincoln KS","WESTFALL",2046,1 
"67456","20113","McPherson KS","LINDSBORG",3903,0.862 
"67456","20169","Saline KS","LINDSBORG",627,0.138 
"67457","20159","Rice KS","LITTLE RIVER",884,1 
"67458","20027","Clay KS","LONGFORD",210,0.913 
"67458","20143","Ottawa KS","LONGFORD",20,0.087 
"67459","20053","Ellsworth KS","LORRAINE",241,1 
"67460","20113","McPherson KS","CONWAY",15987,1 
"67464","20053","Ellsworth KS","MARQUETTE",147,0.143 
"67464","20113","McPherson KS","MARQUETTE",883,0.857 
"67466","20027","Clay KS","MILTONVALE",22,0.027 
"67466","20029","Cloud KS","MILTONVALE",742,0.894 
"67466","20143","Ottawa KS","MILTONVALE",66,0.08 
"67467","20143","Ottawa KS","MINNEAPOLIS",2943,1 
"67468","20027","Clay KS","MORGANVILLE",402,1 
"67470","20143","Ottawa KS","NEW CAMBRIA",14,0.026 
"67470","20169","Saline KS","NEW CAMBRIA",525,0.974 
"67473","20141","Osborne KS","OSBORNE",1945,1 
"67474","20141","Osborne KS","PORTIS",195,0.806 
"67474","20183","Smith KS","PORTIS",47,0.194 
"67475","20041","Dickinson KS","RAMONA",19,0.104 
"67475","20115","Marion KS","RAMONA",163,0.896 
"67478","20123","Mitchell KS","SIMPSON",93,1 
"67480","20041","Dickinson KS","SOLOMON",1361,0.798 
"67480","20143","Ottawa KS","SOLOMON",210,0.123 
"67480","20169","Saline KS","SOLOMON",134,0.079 
"67481","20105","Lincoln KS","SYLVAN GROVE",686,1 
"67482","20041","Dickinson KS","TALMAGE",97,1 
"67483","20115","Marion KS","TAMPA",382,1 
"67484","20105","Lincoln KS","CULVER",22,0.023 
"67484","20143","Ottawa KS","CULVER",863,0.892 
"67484","20169","Saline KS","CULVER",83,0.086 
"67485","20123","Mitchell KS","TIPTON",327,0.801 
"67485","20141","Osborne KS","TIPTON",81,0.199 
"67487","20027","Clay KS","WAKEFIELD",1258,0.968 
"67487","20041","Dickinson KS","WAKEFIELD",33,0.025 
"67487","20061","Geary KS","WAKEFIELD",8,0.006 
"67490","20053","Ellsworth KS","WILSON",1001,0.91 
"67490","20105","Lincoln KS","WILSON",43,0.039 
"67490","20167","Russell KS","WILSON",56,0.051 
"67491","20113","McPherson KS","WINDOM",365,0.88 
"67491","20159","Rice KS","WINDOM",50,0.12 
"67492","20041","Dickinson KS","WOODBINE",303,1 
"67501","20155","Reno KS","HUTCHINSON",27875,1 
"67502","20155","Reno KS","MEDORA",23019,0.998 
"67502","20159","Rice KS","MEDORA",40,0.002 
"67505","20155","Reno KS","SOUTH HUTCHINSON",2548,1 
"67510","20155","Reno KS","ABBYVILLE",364,1 
"67511","20009","Barton KS","ALBERT",271,0.725 
"67511","20165","Rush KS","ALBERT",103,0.275 
"67512","20159","Rice KS","ALDEN",252,1 
"67513","20145","Pawnee KS","ALEXANDER",3,0.026 
"67513","20165","Rush KS","ALEXANDER",112,0.974 
"67514","20155","Reno KS","ARLINGTON",743,1 
"67515","20135","Ness KS","ARNOLD",96,0.768 
"67515","20195","Trego KS","ARNOLD",29,0.232 
"67516","20135","Ness KS","BAZINE",436,1 
"67518","20101","Lane KS","BEELER",20,0.171 
"67518","20135","Ness KS","BEELER",97,0.829 
"67519","20047","Edwards KS","BELPRE",193,0.902 
"67519","20145","Pawnee KS","BELPRE",21,0.098 
"67520","20165","Rush KS","BISON",386,1 
"67521","20135","Ness KS","BROWNELL",187,0.858 
"67521","20195","Trego KS","BROWNELL",31,0.142 
"67522","20079","Harvey KS","BUHLER",67,0.033 
"67522","20155","Reno KS","BUHLER",1967,0.967 
"67523","20083","Hodgeman KS","BURDETT",52,0.128 
"67523","20145","Pawnee KS","BURDETT",355,0.872 
"67524","20159","Rice KS","CHASE",669,1 
"67525","20009","Barton KS","CLAFLIN",1238,0.997 
"67525","20159","Rice KS","CLAFLIN",4,0.003 
"67526","20009","Barton KS","ELLINWOOD",2736,0.973 
"67526","20159","Rice KS","ELLINWOOD",44,0.016 
"67526","20185","Stafford KS","ELLINWOOD",31,0.011 
"67529","20145","Pawnee KS","GARFIELD",431,1 
"67530","20009","Barton KS","HEIZER",19163,0.994 
"67530","20185","Stafford KS","HEIZER",116,0.006 
"67543","20155","Reno KS","HAVEN",2001,1 
"67544","20009","Barton KS","SUSANK",3659,1 
"67545","20185","Stafford KS","HUDSON",246,1 
"67546","20079","Harvey KS","INMAN",5,0.002 
"67546","20113","McPherson KS","INMAN",2474,0.941 
"67546","20155","Reno KS","INMAN",14,0.005 
"67546","20159","Rice KS","INMAN",137,0.052 
"67547","20047","Edwards KS","KINSLEY",2001,0.973 
"67547","20083","Hodgeman KS","KINSLEY",56,0.027 
"67548","20165","Rush KS","LA CROSSE",1516,1 
"67550","20145","Pawnee KS","RADIUM",5936,0.992 
"67550","20185","Stafford KS","RADIUM",46,0.008 
"67552","20047","Edwards KS","LEWIS",803,1 
"67553","20165","Rush KS","LIEBENTHAL",111,1 
"67554","20159","Rice KS","LYONS",4491,1 
"67556","20051","Ellis KS","MC CRACKEN",22,0.06 
"67556","20135","Ness KS","MC CRACKEN",24,0.066 
"67556","20165","Rush KS","MC CRACKEN",318,0.874 
"67557","20047","Edwards KS","MACKSVILLE",17,0.023 
"67557","20145","Pawnee KS","MACKSVILLE",39,0.053 
"67557","20151","Pratt KS","MACKSVILLE",29,0.039 
"67557","20185","Stafford KS","MACKSVILLE",650,0.884 
"67559","20145","Pawnee KS","NEKOMA",4,0.067 
"67559","20165","Rush KS","NEKOMA",56,0.933 
"67560","20135","Ness KS","NESS CITY",1843,1 
"67561","20155","Reno KS","NICKERSON",1682,1 
"67563","20047","Edwards KS","OFFERLE",333,0.795 
"67563","20057","Ford KS","OFFERLE",72,0.172 
"67563","20083","Hodgeman KS","OFFERLE",14,0.033 
"67564","20009","Barton KS","GALATIA",408,1 
"67565","20009","Barton KS","GALATIA",98,0.198 
"67565","20165","Rush KS","GALATIA",398,0.802 
"67566","20155","Reno KS","PARTRIDGE",615,1 
"67567","20009","Barton KS","PAWNEE ROCK",557,0.728 
"67567","20145","Pawnee KS","PAWNEE ROCK",141,0.184 
"67567","20165","Rush KS","PAWNEE ROCK",26,0.034 
"67567","20185","Stafford KS","PAWNEE ROCK",41,0.054 
"67568","20155","Reno KS","PLEVNA",285,1 
"67570","20095","Kingman KS","PRETTY PRAIRIE",131,0.096 
"67570","20155","Reno KS","PRETTY PRAIRIE",1239,0.904 
"67572","20135","Ness KS","RANSOM",477,0.893 
"67572","20195","Trego KS","RANSOM",57,0.107 
"67573","20159","Rice KS","RAYMOND",195,1 
"67574","20145","Pawnee KS","ROZEL",292,1 
"67575","20145","Pawnee KS","RUSH CENTER",11,0.021 
"67575","20165","Rush KS","RUSH CENTER",525,0.979 
"67576","20151","Pratt KS","SAINT JOHN",14,0.007 
"67576","20185","Stafford KS","SAINT JOHN",1979,0.993 
"67578","20185","Stafford KS","STAFFORD",1629,1 
"67579","20155","Reno KS","STERLING",236,0.069 
"67579","20159","Rice KS","STERLING",3173,0.931 
"67581","20155","Reno KS","SYLVIA",529,1 
"67583","20151","Pratt KS","LANGDON",386,0.322 
"67583","20155","Reno KS","LANGDON",763,0.636 
"67583","20185","Stafford KS","LANGDON",51,0.042 
"67584","20063","Gove KS","UTICA",36,0.104 
"67584","20101","Lane KS","UTICA",11,0.032 
"67584","20135","Ness KS","UTICA",285,0.824 
"67584","20195","Trego KS","UTICA",14,0.04 
"67601","20051","Ellis KS","ANTONINO",23052,1 
"67621","20147","Phillips KS","AGRA",473,1 
"67622","20137","Norton KS","ALMENA",660,1 
"67623","20141","Osborne KS","ALTON",332,0.988 
"67623","20183","Smith KS","ALTON",4,0.012 
"67625","20065","Graham KS","BOGUE",297,1 
"67626","20167","Russell KS","BUNKER HILL",167,1 
"67628","20183","Smith KS","CEDAR",106,1 
"67629","20039","Decatur KS","CLAYTON",39,0.215 
"67629","20137","Norton KS","CLAYTON",142,0.785 
"67631","20065","Graham KS","COLLYER",21,0.067 
"67631","20195","Trego KS","COLLYER",291,0.933 
"67632","20065","Graham KS","DAMAR",30,0.119 
"67632","20163","Rooks KS","DAMAR",223,0.881 
"67634","20167","Russell KS","DORRANCE",346,1 
"67635","20039","Decatur KS","DRESDEN",176,0.743 
"67635","20179","Sheridan KS","DRESDEN",61,0.257 
"67637","20051","Ellis KS","ELLIS",2227,0.909 
"67637","20195","Trego KS","ELLIS",224,0.091 
"67638","20183","Smith KS","GAYLORD",284,1 
"67639","20147","Phillips KS","GLADE",206,0.99 
"67639","20163","Rooks KS","GLADE",2,0.01 
"67640","20051","Ellis KS","GORHAM",68,0.127 
"67640","20167","Russell KS","GORHAM",466,0.873 
"67642","20065","Graham KS","HILL CITY",1940,1 
"67643","20039","Decatur KS","JENNINGS",256,0.973 
"67643","20179","Sheridan KS","JENNINGS",7,0.027 
"67644","20147","Phillips KS","KIRWIN",335,1 
"67645","20065","Graham KS","DENSMORE",48,0.077 
"67645","20137","Norton KS","DENSMORE",574,0.923 
"67646","20065","Graham KS","LOGAN",30,0.038 
"67646","20137","Norton KS","LOGAN",36,0.045 
"67646","20147","Phillips KS","LOGAN",714,0.902 
"67646","20163","Rooks KS","LOGAN",12,0.015 
"67647","20147","Phillips KS","LONG ISLAND",293,1 
"67648","20105","Lincoln KS","LUCAS",19,0.031 
"67648","20141","Osborne KS","LUCAS",48,0.078 
"67648","20167","Russell KS","LUCAS",546,0.891 
"67649","20141","Osborne KS","LURAY",32,0.104 
"67649","20167","Russell KS","LURAY",277,0.896 
"67650","20065","Graham KS","MORLAND",346,1 
"67651","20051","Ellis KS","NATOMA",27,0.047 
"67651","20141","Osborne KS","NATOMA",456,0.788 
"67651","20163","Rooks KS","NATOMA",88,0.152 
"67651","20167","Russell KS","NATOMA",8,0.014 
"67653","20039","Decatur KS","NORCATUR",301,0.822 
"67653","20137","Norton KS","NORCATUR",65,0.178 
"67654","20137","Norton KS","NORTON",4453,1 
"67656","20065","Graham KS","OGALLAH",5,0.026 
"67656","20195","Trego KS","OGALLAH",187,0.974 
"67657","20065","Graham KS","PALCO",50,0.119 
"67657","20163","Rooks KS","PALCO",369,0.881 
"67658","20141","Osborne KS","PARADISE",32,0.222 
"67658","20167","Russell KS","PARADISE",112,0.778 
"67659","20065","Graham KS","PENOKEE",126,1 
"67660","20051","Ellis KS","PFEIFER",72,1 
"67661","20147","Phillips KS","PHILLIPSBURG",3548,1 
"67663","20051","Ellis KS","PLAINVILLE",63,0.023 
"67663","20163","Rooks KS","PLAINVILLE",2733,0.977 
"67664","20137","Norton KS","PRAIRIE VIEW",23,0.071 
"67664","20147","Phillips KS","PRAIRIE VIEW",301,0.929 
"67665","20009","Barton KS","RUSSELL",38,0.007 
"67665","20167","Russell KS","RUSSELL",5313,0.993 
"67667","20051","Ellis KS","SCHOENCHEN",218,1 
"67669","20163","Rooks KS","STOCKTON",1994,1 
"67670","20147","Phillips KS","STUTTGART",46,1 
"67671","20051","Ellis KS","VICTORIA",1675,1 
"67672","20065","Graham KS","WA KEENEY",48,0.019 
"67672","20195","Trego KS","WA KEENEY",2486,0.981 
"67673","20141","Osborne KS","WALDO",71,0.497 
"67673","20167","Russell KS","WALDO",72,0.503 
"67674","20051","Ellis KS","WALKER",81,1 
"67675","20141","Osborne KS","WOODSTON",4,0.015 
"67675","20163","Rooks KS","WOODSTON",257,0.985 
"676XX","20051","Ellis KS","676XX",2,0.125 
"676XX","20163","Rooks KS","676XX",7,0.438 
"676XX","20167","Russell KS","676XX",7,0.438 
"67701","20153","Rawlins KS","COLBY",60,0.009 
"67701","20193","Thomas KS","COLBY",6603,0.991 
"67730","20153","Rawlins KS","ATWOOD",1835,1 
"67731","20023","Cheyenne KS","BIRD CITY",769,1 
"67732","20153","Rawlins KS","BREWSTER",22,0.039 
"67732","20181","Sherman KS","BREWSTER",69,0.121 
"67732","20193","Thomas KS","BREWSTER",479,0.84 
"67733","20181","Sherman KS","EDSON",173,1 
"67734","20153","Rawlins KS","GEM",50,0.223 
"67734","20193","Thomas KS","GEM",174,0.777 
"67735","20181","Sherman KS","GOODLAND",6102,1 
"67736","20063","Gove KS","GOVE",263,1 
"67737","20063","Gove KS","GRAINFIELD",479,0.854 
"67737","20179","Sheridan KS","GRAINFIELD",82,0.146 
"67738","20063","Gove KS","GRINNELL",460,0.731 
"67738","20179","Sheridan KS","GRINNELL",169,0.269 
"67739","20039","Decatur KS","HERNDON",15,0.046 
"67739","20153","Rawlins KS","HERNDON",313,0.954 
"67740","20065","Graham KS","HOXIE",5,0.003 
"67740","20179","Sheridan KS","HOXIE",1883,0.997 
"67741","20023","Cheyenne KS","KANORADO",16,0.037 
"67741","20181","Sherman KS","KANORADO",416,0.963 
"67743","20153","Rawlins KS","LEVANT",20,0.094 
"67743","20193","Thomas KS","LEVANT",193,0.906 
"67744","20153","Rawlins KS","LUDELL",296,1 
"67745","20023","Cheyenne KS","MC DONALD",34,0.096 
"67745","20153","Rawlins KS","MC DONALD",322,0.904 
"67747","20109","Logan KS","MONUMENT",168,0.923 
"67747","20193","Thomas KS","MONUMENT",14,0.077 
"67748","20063","Gove KS","OAKLEY",96,0.035 
"67748","20109","Logan KS","OAKLEY",2350,0.853 
"67748","20179","Sheridan KS","OAKLEY",4,0.001 
"67748","20193","Thomas KS","OAKLEY",306,0.111 
"67749","20039","Decatur KS","OBERLIN",2584,0.991 
"67749","20153","Rawlins KS","OBERLIN",23,0.009 
"67751","20063","Gove KS","PARK",208,0.794 
"67751","20179","Sheridan KS","PARK",54,0.206 
"67752","20063","Gove KS","QUINTER",1492,0.965 
"67752","20179","Sheridan KS","QUINTER",54,0.035 
"67753","20153","Rawlins KS","MENLO",25,0.055 
"67753","20179","Sheridan KS","MENLO",118,0.259 
"67753","20193","Thomas KS","MENLO",313,0.686 
"67756","20023","Cheyenne KS","WHEELER",2346,1 
"67757","20039","Decatur KS","SELDEN",101,0.21 
"67757","20179","Sheridan KS","SELDEN",381,0.79 
"67758","20199","Wallace KS","SHARON SPRINGS",1222,1 
"67761","20109","Logan KS","WALLACE",83,0.3 
"67761","20199","Wallace KS","WALLACE",194,0.7 
"67762","20199","Wallace KS","WESKAN",333,1 
"67764","20109","Logan KS","WINONA",409,0.934 
"67764","20193","Thomas KS","WINONA",29,0.066 
"677XX","20063","Gove KS","677XX",3,0.042 
"677XX","20193","Thomas KS","677XX",69,0.958 
"67801","20055","Finney KS","DODGE CITY",2,0 
"67801","20057","Ford KS","DODGE CITY",29152,0.998 
"67801","20083","Hodgeman KS","DODGE CITY",56,0.002 
"67831","20025","Clark KS","ASHLAND",1249,1 
"67834","20025","Clark KS","BUCKLIN",35,0.036 
"67834","20057","Ford KS","BUCKLIN",929,0.961 
"67834","20097","Kiowa KS","BUCKLIN",3,0.003 
"67835","20055","Finney KS","CIMARRON",80,0.03 
"67835","20069","Gray KS","CIMARRON",2575,0.97 
"67836","20075","Hamilton KS","COOLIDGE",120,1 
"67837","20069","Gray KS","COPELAND",484,0.525 
"67837","20081","Haskell KS","COPELAND",390,0.423 
"67837","20119","Meade KS","COPELAND",48,0.052 
"67838","20055","Finney KS","DEERFIELD",48,0.038 
"67838","20093","Kearny KS","DEERFIELD",1210,0.962 
"67839","20063","Gove KS","ALAMOTA",21,0.012 
"67839","20101","Lane KS","ALAMOTA",1752,0.988 
"67840","20025","Clark KS","ENGLEWOOD",134,1 
"67841","20057","Ford KS","ENSIGN",52,0.147 
"67841","20069","Gray KS","ENSIGN",301,0.853 
"67842","20025","Clark KS","FORD",11,0.021 
"67842","20057","Ford KS","FORD",519,0.979 
"67844","20057","Ford KS","FOWLER",48,0.054 
"67844","20069","Gray KS","FOWLER",14,0.016 
"67844","20119","Meade KS","FOWLER",835,0.931 
"67846","20055","Finney KS","GARDEN CITY",37522,0.999 
"67846","20069","Gray KS","GARDEN CITY",29,0.001 
"67846","20101","Lane KS","GARDEN CITY",15,0 
"67849","20083","Hodgeman KS","HANSTON",419,0.979 
"67849","20135","Ness KS","HANSTON",9,0.021 
"67850","20063","Gove KS","HEALY",6,0.016 
"67850","20101","Lane KS","HEALY",357,0.922 
"67850","20171","Scott KS","HEALY",24,0.062 
"67851","20055","Finney KS","HOLCOMB",2678,1 
"67853","20069","Gray KS","INGALLS",877,1 
"67854","20083","Hodgeman KS","JETMORE",1416,1 
"67855","20067","Grant KS","JOHNSON",11,0.005 
"67855","20129","Morton KS","JOHNSON",41,0.019 
"67855","20187","Stanton KS","JOHNSON",2068,0.975 
"67857","20075","Hamilton KS","KENDALL",146,0.621 
"67857","20093","Kearny KS","KENDALL",89,0.379 
"67859","20175","Seward KS","KISMET",783,1 
"67860","20093","Kearny KS","LAKIN",3170,1 
"67861","20109","Logan KS","LEOTI",12,0.006 
"67861","20203","Wichita KS","LEOTI",2137,0.994 
"67862","20187","Stanton KS","MANTER",338,1 
"67863","20203","Wichita KS","MODOC",364,1 
"67864","20119","Meade KS","MEADE",2246,1 
"67865","20025","Clark KS","BLOOM",917,0.866 
"67865","20057","Ford KS","BLOOM",142,0.134 
"67867","20069","Gray KS","MONTEZUMA",1624,0.98 
"67867","20119","Meade KS","MONTEZUMA",33,0.02 
"67868","20055","Finney KS","PIERCEVILLE",122,1 
"67869","20119","Meade KS","PLAINS",1469,0.955 
"67869","20175","Seward KS","PLAINS",69,0.045 
"67870","20067","Grant KS","SATANTA",44,0.022 
"67870","20081","Haskell KS","SATANTA",1833,0.934 
"67870","20175","Seward KS","SATANTA",85,0.043 
"67871","20055","Finney KS","FRIEND",43,0.008 
"67871","20109","Logan KS","FRIEND",23,0.004 
"67871","20171","Scott KS","FRIEND",5096,0.982 
"67871","20203","Wichita KS","FRIEND",29,0.006 
"67876","20057","Ford KS","SPEARVILLE",1157,0.941 
"67876","20083","Hodgeman KS","SPEARVILLE",72,0.059 
"67877","20081","Haskell KS","SUBLETTE",2084,0.972 
"67877","20175","Seward KS","SUBLETTE",59,0.028 
"67878","20075","Hamilton KS","SYRACUSE",2390,1 
"67879","20071","Greeley KS","TRIBUNE",1456,1 
"67880","20067","Grant KS","ULYSSES",7854,0.994 
"67880","20093","Kearny KS","ULYSSES",48,0.006 
"67882","20057","Ford KS","WRIGHT",387,1 
"678XX","20025","Clark KS","678XX",10,0.067 
"678XX","20055","Finney KS","678XX",28,0.187 
"678XX","20063","Gove KS","678XX",4,0.027 
"678XX","20071","Greeley KS","678XX",78,0.52 
"678XX","20075","Hamilton KS","678XX",14,0.093 
"678XX","20093","Kearny KS","678XX",14,0.093 
"678XX","20109","Logan KS","678XX",1,0.007 
"678XX","20203","Wichita KS","678XX",1,0.007 
"67901","20175","Seward KS","LIBERAL",21514,0.996 
"67901","20189","Stevens KS","LIBERAL",97,0.004 
"67950","20129","Morton KS","ELKHART",2510,1 
"67951","20189","Stevens KS","HUGOTON",4622,1 
"67952","20189","Stevens KS","MOSCOW",712,1 
"67953","20129","Morton KS","RICHFIELD",163,1 
"67954","20129","Morton KS","ROLLA",711,0.957 
"67954","20189","Stevens KS","ROLLA",32,0.043 
"679XX","20129","Morton KS","679XX",71,1 
