zcta5,county,cntyname,zipname,pop2k,afact
ZIP Census Tabulation Area,county,cntyname,zipname,"Total Pop, 2000 census",zcta5 to county alloc factor
51630,29005,Atchison MO,BLANCHARD,28,1
51640,29005,Atchison MO,HAMBURG,24,1
52626,29045,Clark MO,FARMINGTON,32,1
63005,29071,Franklin MO,CHESTERFIELD,30,0.002
63005,29189,St. Louis MO,CHESTERFIELD,16644,0.998
63010,29099,Jefferson MO,ARNOLD,36885,1
63011,29189,St. Louis MO,MANCHESTER,38100,1
63012,29099,Jefferson MO,BARNHART,9367,1
63013,29071,Franklin MO,BEAUFORT,1636,1
63014,29071,Franklin MO,BERGER,776,0.924
63014,29073,Gasconade MO,BERGER,64,0.076
63015,29071,Franklin MO,CATAWISSA,1550,0.704
63015,29099,Jefferson MO,CATAWISSA,651,0.296
63016,29099,Jefferson MO,CEDAR HILL,7829,1
63017,29189,St. Louis MO,TOWN AND COUNTRY,42716,1
63019,29099,Jefferson MO,CRYSTAL CITY,4095,1
63020,29099,Jefferson MO,DE SOTO,20145,0.995
63020,29221,Washington MO,DE SOTO,93,0.005
63021,29189,St. Louis MO,BALLWIN,54560,1
63023,29099,Jefferson MO,DITTMER,5253,1
63025,29099,Jefferson MO,CRESCENT,2408,0.218
63025,29189,St. Louis MO,CRESCENT,8638,0.782
63026,29099,Jefferson MO,FENTON,18709,0.452
63026,29189,St. Louis MO,FENTON,22674,0.548
63028,29099,Jefferson MO,FESTUS,22668,0.976
63028,29186,Ste. Genevieve MO,FESTUS,553,0.024
63030,29099,Jefferson MO,FLETCHER,28,0.081
63030,29221,Washington MO,FLETCHER,318,0.919
63031,29189,St. Louis MO,FLORISSANT,50013,1
63033,29189,St. Louis MO,FLORISSANT,45574,1
63034,29189,St. Louis MO,FLORISSANT,16803,1
63036,29186,Ste. Genevieve MO,FRENCH VILLAGE,184,0.191
63036,29187,St. Francois MO,FRENCH VILLAGE,777,0.809
63037,29071,Franklin MO,GERALD,3184,1
63038,29189,St. Louis MO,GLENCOE,5066,1
63039,29071,Franklin MO,GRAY SUMMIT,832,1
63040,29189,St. Louis MO,GROVER,8300,1
63041,29071,Franklin MO,GRUBVILLE,183,0.59
63041,29099,Jefferson MO,GRUBVILLE,127,0.41
63042,29189,St. Louis MO,HAZELWOOD,19162,1
63043,29189,St. Louis MO,MARYLAND HEIGHTS,22401,1
63044,29189,St. Louis MO,BRIDGETON,14623,1
63048,29099,Jefferson MO,HERCULANEUM,2407,1
63049,29099,Jefferson MO,HIGH RIDGE,13847,0.994
63049,29189,St. Louis MO,HIGH RIDGE,84,0.006
63050,29099,Jefferson MO,HILLSBORO,13206,1
63051,29099,Jefferson MO,HOUSE SPRINGS,13230,1
63052,29099,Jefferson MO,ANTONIA,19374,1
63055,29071,Franklin MO,LABADIE,1767,1
63056,29071,Franklin MO,LESLIE,2031,1
63060,29071,Franklin MO,LONEDELL,2422,0.982
63060,29221,Washington MO,LONEDELL,45,0.018
63061,29071,Franklin MO,LUEBBERING,259,1
63068,29071,Franklin MO,NEW HAVEN,4371,0.971
63068,29073,Gasconade MO,NEW HAVEN,131,0.029
63069,29071,Franklin MO,PACIFIC,10613,0.701
63069,29099,Jefferson MO,PACIFIC,1587,0.105
63069,29189,St. Louis MO,PACIFIC,2945,0.194
63070,29099,Jefferson MO,PEVELY,5807,1
63071,29221,Washington MO,RICHWOODS,1063,1
63072,29071,Franklin MO,ROBERTSVILLE,2729,0.936
63072,29099,Jefferson MO,ROBERTSVILLE,186,0.064
63074,29189,St. Louis MO,SAINT ANN,15399,1
63077,29071,Franklin MO,SAINT CLAIR,11071,1
63080,29055,Crawford MO,SULLIVAN,2075,0.164
63080,29071,Franklin MO,SULLIVAN,9638,0.761
63080,29221,Washington MO,SULLIVAN,951,0.075
63084,29071,Franklin MO,UNION,13864,1
63087,29099,Jefferson MO,VALLES MINES,70,0.077
63087,29187,St. Francois MO,VALLES MINES,845,0.923
63088,29189,St. Louis MO,VALLEY PARK,8366,1
63089,29071,Franklin MO,VILLA RIDGE,5690,1
63090,29071,Franklin MO,WASHINGTON,20995,1
63091,29071,Franklin MO,ROSEBUD,143,0.116
63091,29073,Gasconade MO,ROSEBUD,1085,0.884
63101,29510,St. Louis city MO,SAINT LOUIS,1327,1
63102,29510,St. Louis city MO,SAINT LOUIS,1311,1
63103,29510,St. Louis city MO,SAINT LOUIS,4603,1
63104,29510,St. Louis city MO,SAINT LOUIS,19088,1
63105,29189,St. Louis MO,CLAYTON,13434,0.927
63105,29510,St. Louis city MO,CLAYTON,1056,0.073
63106,29510,St. Louis city MO,SAINT LOUIS,10553,1
63107,29510,St. Louis city MO,SAINT LOUIS,16313,1
63108,29510,St. Louis city MO,SAINT LOUIS,20890,1
63109,29510,St. Louis city MO,SAINT LOUIS,29264,1
63110,29510,St. Louis city MO,SAINT LOUIS,20163,1
63111,29510,St. Louis city MO,SAINT LOUIS,21583,1
63112,29510,St. Louis city MO,SAINT LOUIS,22678,1
63113,29510,St. Louis city MO,SAINT LOUIS,16101,1
63114,29189,St. Louis MO,OVERLAND,38479,1
63115,29510,St. Louis city MO,SAINT LOUIS,25238,1
63116,29510,St. Louis city MO,SAINT LOUIS,47017,1
63117,29189,St. Louis MO,RICHMOND HEIGHTS,8981,0.919
63117,29510,St. Louis city MO,RICHMOND HEIGHTS,790,0.081
63118,29510,St. Louis city MO,SAINT LOUIS,30222,1
63119,29189,St. Louis MO,WEBSTER GROVES,34108,0.991
63119,29510,St. Louis city MO,WEBSTER GROVES,308,0.009
63120,29189,St. Louis MO,SAINT LOUIS,1307,0.099
63120,29510,St. Louis city MO,SAINT LOUIS,11961,0.901
63121,29189,St. Louis MO,NORMANDY,29172,1
63122,29189,St. Louis MO,KIRKWOOD,38653,1
63123,29189,St. Louis MO,AFFTON,47428,0.955
63123,29510,St. Louis city MO,AFFTON,2252,0.045
63124,29189,St. Louis MO,LADUE,9819,1
63125,29189,St. Louis MO,LEMAY,32709,0.987
63125,29510,St. Louis city MO,LEMAY,441,0.013
63126,29189,St. Louis MO,SAPPINGTON,15386,1
63127,29189,St. Louis MO,SAPPINGTON,4852,1
63128,29189,St. Louis MO,SAPPINGTON,29122,1
63129,29189,St. Louis MO,SOUTH COUNTY,51191,1
63130,29189,St. Louis MO,UNIVERSITY CITY,34032,0.989
63130,29510,St. Louis city MO,UNIVERSITY CITY,392,0.011
63131,29189,St. Louis MO,DES PERES,16396,1
63132,29189,St. Louis MO,OLIVETTE,13731,1
63133,29189,St. Louis MO,SAINT LOUIS,8679,0.998
63133,29510,St. Louis city MO,SAINT LOUIS,14,0.002
63134,29189,St. Louis MO,BERKELEY,14982,1
63135,29189,St. Louis MO,FERGUSON,21532,1
63136,29189,St. Louis MO,JENNINGS,49287,0.919
63136,29510,St. Louis city MO,JENNINGS,4317,0.081
63137,29189,St. Louis MO,NORTH COUNTY,20170,0.951
63137,29510,St. Louis city MO,NORTH COUNTY,1047,0.049
63138,29189,St. Louis MO,NORTH COUNTY,21872,1
63138,29510,St. Louis city MO,NORTH COUNTY,7,0
63139,29510,St. Louis city MO,SAINT LOUIS,24364,1
63140,29189,St. Louis MO,BERKELEY,789,1
63141,29189,St. Louis MO,CREVE COEUR,20025,1
63143,29189,St. Louis MO,MAPLEWOOD,9279,0.845
63143,29510,St. Louis city MO,MAPLEWOOD,1699,0.155
63144,29189,St. Louis MO,BRENTWOOD,9072,1
63146,29189,St. Louis MO,WEST COUNTY,29760,1
63147,29510,St. Louis city MO,SAINT LOUIS,13190,1
63301,29183,St. Charles MO,SAINT CHARLES,46052,1
63303,29183,St. Charles MO,SAINT CHARLES,41659,1
63304,29183,St. Charles MO,SAINT CHARLES,38383,1
63330,29163,Pike MO,ANNADA,148,1
63332,29183,St. Charles MO,AUGUSTA,1163,1
63333,29113,Lincoln MO,BELLFLOWER,23,0.028
63333,29139,Montgomery MO,BELLFLOWER,812,0.972
63334,29113,Lincoln MO,BOWLING GREEN,62,0.008
63334,29163,Pike MO,BOWLING GREEN,7956,0.992
63336,29163,Pike MO,CLARKSVILLE,1092,1
63339,29163,Pike MO,CURRYVILLE,953,1
63341,29183,St. Charles MO,DEFIANCE,3154,1
63343,29113,Lincoln MO,ELSBERRY,4521,0.991
63343,29163,Pike MO,ELSBERRY,39,0.009
63344,29113,Lincoln MO,EOLIA,413,0.298
63344,29163,Pike MO,EOLIA,973,0.702
63345,29007,Audrain MO,FARBER,512,1
63347,29113,Lincoln MO,FOLEY,2623,1
63348,29113,Lincoln MO,FORISTELL,250,0.056
63348,29183,St. Charles MO,FORISTELL,3287,0.737
63348,29219,Warren MO,FORISTELL,923,0.207
63349,29113,Lincoln MO,HAWK POINT,1322,0.99
63349,29219,Warren MO,HAWK POINT,13,0.01
63350,29139,Montgomery MO,HIGH HILL,551,1
63351,29139,Montgomery MO,JONESBURG,1177,0.738
63351,29219,Warren MO,JONESBURG,418,0.262
63352,29007,Audrain MO,LADDONIA,1208,0.951
63352,29173,Ralls MO,LADDONIA,62,0.049
63353,29163,Pike MO,LOUISIANA,5244,1
63357,29183,St. Charles MO,LAKE SHERWOOD,285,0.059
63357,29219,Warren MO,LAKE SHERWOOD,4576,0.941
63359,29007,Audrain MO,MIDDLETOWN,40,0.028
63359,29113,Lincoln MO,MIDDLETOWN,35,0.024
63359,29139,Montgomery MO,MIDDLETOWN,707,0.493
63359,29163,Pike MO,MIDDLETOWN,651,0.454
63361,29027,Callaway MO,MONTGOMERY CITY,289,0.068
63361,29139,Montgomery MO,MONTGOMERY CITY,3982,0.932
63362,29113,Lincoln MO,MOSCOW MILLS,4380,1
63363,29139,Montgomery MO,NEW FLORENCE,1575,0.956
63363,29219,Warren MO,NEW FLORENCE,73,0.044
63366,29183,St. Charles MO,SAINT PAUL,57519,1
63367,29183,St. Charles MO,LAKE SAINT LOUIS,8197,1
63369,29113,Lincoln MO,OLD MONROE,1978,1
63370,29113,Lincoln MO,OLNEY,41,1
63373,29183,St. Charles MO,PORTAGE DES SIOU,685,1
63376,29183,St. Charles MO,SAINT PETERS,68970,1
63377,29113,Lincoln MO,SILEX,2164,1
63379,29113,Lincoln MO,TROY,15290,1
63381,29113,Lincoln MO,TRUXTON,286,0.579
63381,29139,Montgomery MO,TRUXTON,105,0.213
63381,29219,Warren MO,TRUXTON,103,0.209
63382,29007,Audrain MO,VANDALIA,4555,0.919
63382,29163,Pike MO,VANDALIA,102,0.021
63382,29173,Ralls MO,VANDALIA,298,0.06
63383,29113,Lincoln MO,WARRENTON,136,0.011
63383,29219,Warren MO,WARRENTON,12052,0.989
63384,29007,Audrain MO,WELLSVILLE,134,0.063
63384,29027,Callaway MO,WELLSVILLE,21,0.01
63384,29139,Montgomery MO,WELLSVILLE,1962,0.927
63385,29183,St. Charles MO,WENTZVILLE,13931,1
63386,29183,St. Charles MO,WEST ALTON,598,1
63387,29113,Lincoln MO,WHITESIDE,95,1
63388,29027,Callaway MO,WILLIAMSBURG,636,1
63389,29113,Lincoln MO,WINFIELD,4580,1
63390,29113,Lincoln MO,WRIGHT CITY,745,0.107
63390,29219,Warren MO,WRIGHT CITY,6215,0.893
63401,29127,Marion MO,HANNIBAL,19484,0.89
63401,29173,Ralls MO,HANNIBAL,2407,0.11
63430,29045,Clark MO,ALEXANDRIA,662,1
63431,29121,Macon MO,ANABEL,385,1
63432,29045,Clark MO,ARBELA,105,0.153
63432,29199,Scotland MO,ARBELA,581,0.847
63433,29163,Pike MO,ASHBURN,56,1
63434,29111,Lewis MO,BETHEL,3,0.006
63434,29205,Shelby MO,BETHEL,500,0.994
63435,29045,Clark MO,CANTON,370,0.087
63435,29111,Lewis MO,CANTON,3891,0.913
63436,29173,Ralls MO,CENTER,1309,1
63437,29121,Macon MO,CLARENCE,27,0.017
63437,29137,Monroe MO,CLARENCE,77,0.047
63437,29205,Shelby MO,CLARENCE,1528,0.936
63438,29111,Lewis MO,DURHAM,411,0.793
63438,29127,Marion MO,DURHAM,107,0.207
63439,29127,Marion MO,EMDEN,46,0.231
63439,29205,Shelby MO,EMDEN,153,0.769
63440,29111,Lewis MO,EWING,1241,0.865
63440,29127,Marion MO,EWING,175,0.122
63440,29205,Shelby MO,EWING,18,0.013
63441,29163,Pike MO,FRANKFORD,1058,0.948
63441,29173,Ralls MO,FRANKFORD,58,0.052
63443,29127,Marion MO,HUNNEWELL,53,0.118
63443,29137,Monroe MO,HUNNEWELL,88,0.196
63443,29205,Shelby MO,HUNNEWELL,308,0.686
63445,29045,Clark MO,KAHOKA,4067,1
63446,29103,Knox MO,KNOX CITY,618,0.995
63446,29111,Lewis MO,KNOX CITY,3,0.005
63447,29111,Lewis MO,LA BELLE,1117,1
63448,29111,Lewis MO,LA GRANGE,1679,1
63450,29137,Monroe MO,LENTNER,44,0.247
63450,29205,Shelby MO,LENTNER,134,0.753
63451,29103,Knox MO,LEONARD,27,0.091
63451,29205,Shelby MO,LEONARD,270,0.909
63452,29111,Lewis MO,LEWISTOWN,1197,1
63453,29045,Clark MO,LURAY,496,1
63454,29111,Lewis MO,MAYWOOD,372,0.428
63454,29127,Marion MO,MAYWOOD,497,0.572
63456,29127,Marion MO,MONROE CITY,1116,0.265
63456,29137,Monroe MO,MONROE CITY,2537,0.603
63456,29173,Ralls MO,MONROE CITY,555,0.132
63457,29111,Lewis MO,MONTICELLO,289,1
63458,29103,Knox MO,NEWARK,229,1
63459,29163,Pike MO,NEW LONDON,79,0.021
63459,29173,Ralls MO,NEW LONDON,3723,0.979
63460,29103,Knox MO,NOVELTY,344,1
63461,29127,Marion MO,PALMYRA,5571,1
63462,29137,Monroe MO,PERRY,229,0.159
63462,29173,Ralls MO,PERRY,1214,0.841
63463,29127,Marion MO,PHILADELPHIA,639,0.994
63463,29205,Shelby MO,PHILADELPHIA,4,0.006
63464,29103,Knox MO,PLEVNA,43,1
63465,29045,Clark MO,REVERE,508,1
63468,29137,Monroe MO,SHELBINA,297,0.101
63468,29205,Shelby MO,SHELBINA,2652,0.899
63469,29103,Knox MO,SHELBYVILLE,3,0.002
63469,29205,Shelby MO,SHELBYVILLE,1232,0.998
63471,29111,Lewis MO,TAYLOR,61,0.092
63471,29127,Marion MO,TAYLOR,601,0.908
63472,29045,Clark MO,WAYLAND,511,1
63473,29045,Clark MO,WILLIAMSTOWN,67,0.238
63473,29111,Lewis MO,WILLIAMSTOWN,215,0.762
63474,29045,Clark MO,WYACONDA,598,0.957
63474,29111,Lewis MO,WYACONDA,15,0.024
63474,29199,Scotland MO,WYACONDA,12,0.019
63501,29001,Adair MO,KIRKSVILLE,21110,1
63530,29121,Macon MO,ATLANTA,987,1
63531,29103,Knox MO,BARING,397,0.705
63531,29199,Scotland MO,BARING,166,0.295
63532,29121,Macon MO,BEVIER,1367,1
63533,29001,Adair MO,BRASHEAR,819,0.987
63533,29103,Knox MO,BRASHEAR,11,0.013
63534,29121,Macon MO,CALLAO,816,0.971
63534,29175,Randolph MO,CALLAO,24,0.029
63535,29171,Putnam MO,COATSVILLE,7,0.073
63535,29197,Schuyler MO,COATSVILLE,89,0.927
63536,29197,Schuyler MO,DOWNING,701,0.824
63536,29199,Scotland MO,DOWNING,150,0.176
63537,29103,Knox MO,EDINA,1910,1
63538,29121,Macon MO,ELMER,293,1
63539,29121,Macon MO,ETHEL,289,1
63540,29001,Adair MO,GIBBS,160,1
63541,29197,Schuyler MO,GLENWOOD,420,1
63543,29199,Scotland MO,GORIN,412,1
63544,29001,Adair MO,GREEN CASTLE,371,0.425
63544,29171,Putnam MO,GREEN CASTLE,33,0.038
63544,29211,Sullivan MO,GREEN CASTLE,468,0.537
63545,29211,Sullivan MO,GREEN CITY,1175,1
63546,29001,Adair MO,GREENTOP,866,0.612
63546,29197,Schuyler MO,GREENTOP,543,0.383
63546,29199,Scotland MO,GREENTOP,7,0.005
63547,29001,Adair MO,HURDLAND,33,0.054
63547,29103,Knox MO,HURDLAND,574,0.946
63548,29197,Schuyler MO,LANCASTER,1255,1
63549,29001,Adair MO,LA PLATA,232,0.09
63549,29121,Macon MO,LA PLATA,2353,0.91
63551,29171,Putnam MO,LIVONIA,445,1
63552,29121,Macon MO,MACON,7868,1
63555,29199,Scotland MO,MEMPHIS,3309,1
63556,29211,Sullivan MO,MILAN,3933,1
63557,29115,Linn MO,NEW BOSTON,232,0.835
63557,29121,Macon MO,NEW BOSTON,41,0.147
63557,29211,Sullivan MO,NEW BOSTON,5,0.018
63558,29041,Chariton MO,NEW CAMBRIA,228,0.281
63558,29121,Macon MO,NEW CAMBRIA,583,0.719
63559,29001,Adair MO,NOVINGER,1386,0.955
63559,29171,Putnam MO,NOVINGER,66,0.045
63560,29171,Putnam MO,POLLOCK,14,0.05
63560,29211,Sullivan MO,POLLOCK,264,0.95
63561,29197,Schuyler MO,QUEEN CITY,1162,1
63563,29103,Knox MO,RUTLEDGE,205,0.372
63563,29199,Scotland MO,RUTLEDGE,346,0.628
63565,29171,Putnam MO,UNIONVILLE,3925,0.994
63565,29211,Sullivan MO,UNIONVILLE,23,0.006
63566,29115,Linn MO,WINIGAN,39,0.574
63566,29211,Sullivan MO,WINIGAN,29,0.426
63567,29171,Putnam MO,WORTHINGTON,145,1
63601,29187,St. Francois MO,DESLOGE,15604,1
63620,29093,Iron MO,ANNAPOLIS,1172,0.834
63620,29123,Madison MO,ANNAPOLIS,161,0.115
63620,29179,Reynolds MO,ANNAPOLIS,72,0.051
63621,29093,Iron MO,ARCADIA,1139,0.932
63621,29123,Madison MO,ARCADIA,83,0.068
63622,29221,Washington MO,BELGRADE,904,1
63623,29093,Iron MO,BELLEVIEW,823,1
63624,29093,Iron MO,DESLOGE,162,0.045
63624,29187,St. Francois MO,DESLOGE,2959,0.826
63624,29221,Washington MO,DESLOGE,462,0.129
63625,29093,Iron MO,BLACK,50,0.093
63625,29179,Reynolds MO,BLACK,488,0.907
63626,29187,St. Francois MO,BLACKWELL,89,0.627
63626,29221,Washington MO,BLACKWELL,53,0.373
63627,29099,Jefferson MO,BLOOMSDALE,220,0.079
63627,29186,Ste. Genevieve MO,BLOOMSDALE,2549,0.921
63628,29186,Ste. Genevieve MO,BONNE TERRE,137,0.012
63628,29187,St. Francois MO,BONNE TERRE,11349,0.973
63628,29221,Washington MO,BONNE TERRE,181,0.016
63629,29065,Dent MO,BUNKER,364,0.257
63629,29179,Reynolds MO,BUNKER,897,0.633
63629,29203,Shannon MO,BUNKER,155,0.109
63630,29221,Washington MO,CADET,4224,1
63631,29093,Iron MO,CALEDONIA,184,0.193
63631,29221,Washington MO,CALEDONIA,769,0.807
63633,29179,Reynolds MO,CENTERVILLE,712,1
63636,29093,Iron MO,DES ARC,595,0.87
63636,29123,Madison MO,DES ARC,58,0.085
63636,29223,Wayne MO,DES ARC,31,0.045
63637,29187,St. Francois MO,DOE RUN,807,1
63638,29179,Reynolds MO,ELLINGTON,2856,0.981
63638,29203,Shannon MO,ELLINGTON,54,0.019
63640,29186,Ste. Genevieve MO,FARMINGTON,1164,0.052
63640,29187,St. Francois MO,FARMINGTON,21420,0.948
63645,29123,Madison MO,MILLCREEK,10316,0.963
63645,29186,Ste. Genevieve MO,MILLCREEK,154,0.014
63645,29187,St. Francois MO,MILLCREEK,243,0.023
63648,29187,St. Francois MO,IRONDALE,102,0.075
63648,29221,Washington MO,IRONDALE,1253,0.925
63650,29093,Iron MO,IRON MOUNTAIN,4193,0.897
63650,29123,Madison MO,IRON MOUNTAIN,78,0.017
63650,29187,St. Francois MO,IRON MOUNTAIN,401,0.086
63653,29187,St. Francois MO,LEADWOOD,1045,1
63654,29093,Iron MO,LESTERVILLE,9,0.017
63654,29179,Reynolds MO,LESTERVILLE,533,0.983
63655,29017,Bollinger MO,MARQUAND,401,0.252
63655,29123,Madison MO,MARQUAND,1073,0.673
63655,29223,Wayne MO,MARQUAND,120,0.075
63656,29093,Iron MO,MIDDLE BROOK,358,0.762
63656,29179,Reynolds MO,MIDDLE BROOK,112,0.238
63660,29221,Washington MO,MINERAL POINT,4155,1
63662,29017,Bollinger MO,PATTON,1162,1
63663,29093,Iron MO,PILOT KNOB,585,1
63664,29221,Washington MO,POTOSI,8525,1
63665,29179,Reynolds MO,REDFORD,306,1
63670,29186,Ste. Genevieve MO,LAKE FOREST ESTA,11654,1
63673,29157,Perry MO,SAINT MARY,595,0.291
63673,29186,Ste. Genevieve MO,SAINT MARY,1447,0.709
63674,29221,Washington MO,TIFF,146,1
63675,29093,Iron MO,VULCAN,157,1
63701,29031,Cape Girardeau MO,CAPE GIRARDEAU,32331,1
63703,29031,Cape Girardeau MO,63703,9561,1
63730,29017,Bollinger MO,ADVANCE,421,0.127
63730,29031,Cape Girardeau MO,ADVANCE,385,0.116
63730,29207,Stoddard MO,ADVANCE,2522,0.758
63732,29031,Cape Girardeau MO,NEW WELLS,243,0.383
63732,29157,Perry MO,NEW WELLS,391,0.617
63735,29201,Scott MO,BELL CITY,54,0.06
63735,29207,Stoddard MO,BELL CITY,844,0.94
63736,29201,Scott MO,BENTON,3211,1
63738,29207,Stoddard MO,BROWNWOOD,74,1
63739,29031,Cape Girardeau MO,BURFORDVILLE,621,1
63740,29031,Cape Girardeau MO,CHAFFEE,1087,0.199
63740,29201,Scott MO,CHAFFEE,4379,0.801
63742,29201,Scott MO,COMMERCE,110,1
63743,29031,Cape Girardeau MO,DAISY,46,1
63747,29031,Cape Girardeau MO,FRIEDHEIM,388,1
63748,29157,Perry MO,FROHNA,1127,1
63750,29017,Bollinger MO,GIPSY,131,1
63751,29017,Bollinger MO,GLENALLEN,1029,1
63753,29017,Bollinger MO,GRASSY,259,1
63755,29031,Cape Girardeau MO,JACKSON,20710,1
63758,29201,Scott MO,KELSO,208,1
63760,29017,Bollinger MO,LEOPOLD,646,1
63763,29223,Wayne MO,MC GEE,138,1
63764,29017,Bollinger MO,SCOPUS,5624,0.972
63764,29031,Cape Girardeau MO,SCOPUS,160,0.028
63766,29017,Bollinger MO,MILLERSVILLE,153,0.162
63766,29031,Cape Girardeau MO,MILLERSVILLE,791,0.838
63767,29201,Scott MO,MORLEY,787,1
63769,29031,Cape Girardeau MO,OAK RIDGE,1300,1
63770,29031,Cape Girardeau MO,OLD APPLETON,108,0.939
63770,29157,Perry MO,OLD APPLETON,7,0.061
63771,29031,Cape Girardeau MO,ORAN,10,0.004
63771,29201,Scott MO,ORAN,2603,0.913
63771,29207,Stoddard MO,ORAN,239,0.084
63774,29201,Scott MO,PERKINS,170,1
63775,29017,Bollinger MO,PERRYVILLE,53,0.003
63775,29031,Cape Girardeau MO,PERRYVILLE,95,0.006
63775,29157,Perry MO,PERRYVILLE,15851,0.991
63780,29031,Cape Girardeau MO,SCOTT CITY,2,0
63780,29201,Scott MO,SCOTT CITY,6522,1
63781,29017,Bollinger MO,SEDGEWICKVILLE,1072,1
63782,29017,Bollinger MO,STURDIVANT,375,1
63783,29157,Perry MO,UNIONTOWN,161,1
63784,29201,Scott MO,VANDUSER,272,1
63785,29017,Bollinger MO,WHITEWATER,16,0.018
63785,29031,Cape Girardeau MO,WHITEWATER,855,0.982
63787,29017,Bollinger MO,ZALMA,623,0.911
63787,29223,Wayne MO,ZALMA,61,0.089
63801,29133,Mississippi MO,SIKESTON,47,0.002
63801,29143,New Madrid MO,SIKESTON,2113,0.089
63801,29201,Scott MO,SIKESTON,21543,0.906
63801,29207,Stoddard MO,SIKESTON,76,0.003
63820,29133,Mississippi MO,ANNISTON,301,1
63821,29069,Dunklin MO,ARBYRD,999,1
63822,29069,Dunklin MO,BERNIE,45,0.016
63822,29207,Stoddard MO,BERNIE,2758,0.984
63823,29133,Mississippi MO,BERTRAND,1131,0.978
63823,29201,Scott MO,BERTRAND,25,0.022
63824,29201,Scott MO,BLODGETT,120,1
63825,29207,Stoddard MO,BLOOMFIELD,4429,1
63826,29155,Pemiscot MO,BRAGGADOCIO,178,1
63827,29155,Pemiscot MO,BRAGG CITY,1151,1
63828,29143,New Madrid MO,CANALOU,352,1
63829,29069,Dunklin MO,CARDWELL,1257,1
63830,29155,Pemiscot MO,CARUTHERSVILLE,7680,1
63833,29143,New Madrid MO,CATRON,235,0.836
63833,29207,Stoddard MO,CATRON,46,0.164
63834,29133,Mississippi MO,CHARLESTON,5633,0.931
63834,29201,Scott MO,CHARLESTON,418,0.069
63837,29069,Dunklin MO,CLARKTON,1700,0.994
63837,29143,New Madrid MO,CLARKTON,10,0.006
63839,29155,Pemiscot MO,COOTER,526,1
63841,29207,Stoddard MO,DEXTER,12887,1
63845,29133,Mississippi MO,EAST PRAIRIE,5785,0.988
63845,29143,New Madrid MO,EAST PRAIRIE,68,0.012
63846,29207,Stoddard MO,ESSEX,1548,1
63847,29069,Dunklin MO,GIBSON,126,1
63848,29143,New Madrid MO,GIDEON,1506,0.982
63848,29155,Pemiscot MO,GIDEON,27,0.018
63849,29069,Dunklin MO,GOBLER,144,0.634
63849,29155,Pemiscot MO,GOBLER,83,0.366
63850,29207,Stoddard MO,GRAYRIDGE,54,1
63851,29155,Pemiscot MO,HAYTI HEIGHTS,4622,1
63852,29069,Dunklin MO,HOLCOMB,1506,0.981
63852,29155,Pemiscot MO,HOLCOMB,29,0.019
63853,29155,Pemiscot MO,HOLLAND,277,1
63855,29069,Dunklin MO,HORNERSVILLE,1235,1
63857,29069,Dunklin MO,KENNETT,13129,0.998
63857,29155,Pemiscot MO,KENNETT,21,0.002
63860,29143,New Madrid MO,KEWANEE,153,1
63862,29143,New Madrid MO,LILBOURN,1771,1
63863,29069,Dunklin MO,MALDEN,6788,0.976
63863,29143,New Madrid MO,MALDEN,167,0.024
63866,29143,New Madrid MO,MARSTON,658,1
63867,29143,New Madrid MO,MATTHEWS,1108,1
63868,29143,New Madrid MO,MOREHOUSE,1041,1
63869,29143,New Madrid MO,NEW MADRID,4175,1
63870,29143,New Madrid MO,PARMA,1160,0.861
63870,29207,Stoddard MO,PARMA,187,0.139
63873,29143,New Madrid MO,PORTAGEVILLE,4611,0.891
63873,29155,Pemiscot MO,PORTAGEVILLE,564,0.109
63874,29143,New Madrid MO,RISCO,403,1
63876,29069,Dunklin MO,SENATH,2302,1
63877,29069,Dunklin MO,STEELE,109,0.027
63877,29155,Pemiscot MO,STEELE,3979,0.973
63878,29143,New Madrid MO,TALLAPOOSA,229,1
63879,29155,Pemiscot MO,HOMESTOWN,910,1
63880,29069,Dunklin MO,WHITEOAK,39,1
63882,29133,Mississippi MO,WYATT,530,1
63901,29023,Butler MO,POPLAR BLUFF,32579,0.999
63901,29181,Ripley MO,POPLAR BLUFF,19,0.001
63932,29023,Butler MO,BROSELEY,1362,1
63933,29069,Dunklin MO,CAMPBELL,3776,1
63934,29223,Wayne MO,CLUBB,93,1
63935,29035,Carter MO,POYNOR,62,0.006
63935,29149,Oregon MO,POYNOR,89,0.009
63935,29181,Ripley MO,POYNOR,9510,0.984
63936,29207,Stoddard MO,DUDLEY,949,1
63937,29023,Butler MO,ELLSINORE,327,0.123
63937,29035,Carter MO,ELLSINORE,2280,0.86
63937,29223,Wayne MO,ELLSINORE,43,0.016
63938,29023,Butler MO,FAGUS,31,1
63939,29181,Ripley MO,FAIRDEALING,1381,1
63940,29023,Butler MO,FISK,1377,1
63941,29035,Carter MO,FREMONT,410,0.765
63941,29149,Oregon MO,FREMONT,92,0.172
63941,29181,Ripley MO,FREMONT,34,0.063
63942,29149,Oregon MO,GATEWOOD,115,0.171
63942,29181,Ripley MO,GATEWOOD,557,0.829
63943,29035,Carter MO,GRANDIN,750,0.861
63943,29181,Ripley MO,GRANDIN,121,0.139
63944,29223,Wayne MO,GREENVILLE,1252,1
63945,29023,Butler MO,HARVIELL,1171,1
63947,29223,Wayne MO,HIRAM,262,1
63951,29223,Wayne MO,LOWNDES,394,1
63952,29223,Wayne MO,MILL SPRING,563,1
63953,29023,Butler MO,NAYLOR,104,0.063
63953,29181,Ripley MO,NAYLOR,1544,0.937
63954,29023,Butler MO,NEELYVILLE,1247,0.94
63954,29181,Ripley MO,NEELYVILLE,80,0.06
63955,29181,Ripley MO,OXLY,263,1
63956,29223,Wayne MO,PATTERSON,861,1
63957,29179,Reynolds MO,PIEDMONT,354,0.064
63957,29223,Wayne MO,PIEDMONT,5166,0.936
63960,29017,Bollinger MO,PUXICO,64,0.02
63960,29207,Stoddard MO,PUXICO,3092,0.98
63961,29023,Butler MO,QULIN,1647,1
63963,29223,Wayne MO,SHOOK,125,1
63964,29123,Madison MO,SILVA,31,0.028
63964,29223,Wayne MO,SILVA,1067,0.972
63965,29035,Carter MO,VAN BUREN,2439,0.944
63965,29179,Reynolds MO,VAN BUREN,145,0.056
63966,29023,Butler MO,WAPPAPELLO,538,0.221
63966,29223,Wayne MO,WAPPAPELLO,1899,0.779
63967,29023,Butler MO,WILLIAMSVILLE,484,0.29
63967,29223,Wayne MO,WILLIAMSVILLE,1184,0.71
64001,29107,Lafayette MO,ALMA,652,1
64011,29101,Johnson MO,BATES CITY,392,0.109
64011,29107,Lafayette MO,BATES CITY,3214,0.891
64012,29037,Cass MO,BELTON,25498,1
64014,29095,Jackson MO,BLUE SPRINGS,22841,1
64015,29095,Jackson MO,LAKE TAPAWINGO,28878,1
64016,29095,Jackson MO,BUCKNER,4077,1
64017,29107,Lafayette MO,CAMDEN,10,0.021
64017,29177,Ray MO,CAMDEN,477,0.979
64018,29165,Platte MO,CAMDEN POINT,913,1
64019,29101,Johnson MO,CENTERVIEW,2220,1
64020,29101,Johnson MO,CONCORDIA,227,0.064
64020,29107,Lafayette MO,CONCORDIA,3293,0.931
64020,29195,Saline MO,CONCORDIA,16,0.005
64021,29107,Lafayette MO,CORDER,785,1
64022,29107,Lafayette MO,DOVER,145,1
64024,29047,Clay MO,EXCELSIOR SPRING,12493,0.774
64024,29177,Ray MO,EXCELSIOR SPRING,3651,0.226
64029,29095,Jackson MO,GRAIN VALLEY,8305,1
64030,29095,Jackson MO,GRANDVIEW,24874,1
64034,29037,Cass MO,LAKE WINNEBAGO,933,0.157
64034,29095,Jackson MO,LAKE WINNEBAGO,4995,0.843
64035,29033,Carroll MO,HARDIN,30,0.028
64035,29177,Ray MO,HARDIN,1036,0.972
64036,29177,Ray MO,HENRIETTA,474,1
64037,29101,Johnson MO,HIGGINSVILLE,11,0.002
64037,29107,Lafayette MO,HIGGINSVILLE,6087,0.998
64040,29101,Johnson MO,HOLDEN,6050,1
64048,29047,Clay MO,HOLT,2417,0.603
64048,29049,Clinton MO,HOLT,1589,0.397
64050,29095,Jackson MO,INDEPENDENCE,23436,1
64052,29095,Jackson MO,INDEPENDENCE,21017,1
64053,29095,Jackson MO,INDEPENDENCE,5762,1
64054,29095,Jackson MO,SUGAR CREEK,4153,1
64055,29095,Jackson MO,INDEPENDENCE,34006,1
64056,29095,Jackson MO,INDEPENDENCE,15357,1
64057,29095,Jackson MO,INDEPENDENCE,11050,1
64058,29095,Jackson MO,INDEPENDENCE,6018,1
64060,29047,Clay MO,KEARNEY,9645,1
64061,29037,Cass MO,KINGSVILLE,129,0.048
64061,29101,Johnson MO,KINGSVILLE,2536,0.952
64062,29047,Clay MO,LAWSON,504,0.087
64062,29049,Clinton MO,LAWSON,589,0.102
64062,29177,Ray MO,LAWSON,4695,0.811
64063,29095,Jackson MO,LAKE LOTAWANA,20186,1
64064,29095,Jackson MO,LEES SUMMIT,11265,1
64066,29095,Jackson MO,LEVASY,87,1
64067,29107,Lafayette MO,LEXINGTON,5780,1
64068,29047,Clay MO,PLEASANT VALLEY,33068,1
64070,29095,Jackson MO,LONE JACK,2224,0.923
64070,29101,Johnson MO,LONE JACK,186,0.077
64071,29107,Lafayette MO,MAYVIEW,745,1
64072,29047,Clay MO,MISSOURI CITY,133,1
64074,29107,Lafayette MO,NAPOLEON,569,1
64075,29095,Jackson MO,OAK GROVE,8743,0.96
64075,29107,Lafayette MO,OAK GROVE,365,0.04
64076,29101,Johnson MO,ODESSA,363,0.041
64076,29107,Lafayette MO,ODESSA,8468,0.959
64077,29047,Clay MO,ORRICK,11,0.006
64077,29177,Ray MO,ORRICK,1967,0.994
64078,29037,Cass MO,PECULIAR,6929,1
64079,29165,Platte MO,PLATTE CITY,8284,1
64080,29037,Cass MO,PLEASANT HILL,9709,0.981
64080,29095,Jackson MO,PLEASANT HILL,187,0.019
64081,29095,Jackson MO,LEES SUMMIT,18042,1
64082,29037,Cass MO,LEES SUMMIT,1241,0.22
64082,29095,Jackson MO,LEES SUMMIT,4410,0.78
64083,29037,Cass MO,RAYMORE,12785,1
64084,29177,Ray MO,RAYVILLE,1447,1
64085,29177,Ray MO,RICHMOND,8840,1
64086,29095,Jackson MO,LEES SUMMIT,19727,1
64088,29095,Jackson MO,SIBLEY,1443,1
64089,29047,Clay MO,SMITHVILLE,6946,0.876
64089,29165,Platte MO,SMITHVILLE,982,0.124
64090,29037,Cass MO,STRASBURG,112,1
64093,29101,Johnson MO,WARRENSBURG,24252,1
64096,29107,Lafayette MO,WAVERLY,1132,0.98
64096,29195,Saline MO,WAVERLY,23,0.02
64097,29107,Lafayette MO,WELLINGTON,1515,1
64098,29165,Platte MO,WESTON,2943,1
64101,29095,Jackson MO,KANSAS CITY,335,1
64105,29095,Jackson MO,KANSAS CITY,2719,1
64106,29095,Jackson MO,KANSAS CITY,6142,1
64108,29095,Jackson MO,KANSAS CITY,6785,1
64109,29095,Jackson MO,KANSAS CITY,12252,1
64110,29095,Jackson MO,KANSAS CITY,17842,1
64111,29095,Jackson MO,KANSAS CITY,17745,1
64112,29095,Jackson MO,KANSAS CITY,8567,1
64113,29095,Jackson MO,KANSAS CITY,11371,1
64114,29095,Jackson MO,KANSAS CITY,23639,1
64116,29047,Clay MO,NORTH KANSAS CIT,15846,1
64117,29047,Clay MO,RANDOLPH,13445,1
64118,29047,Clay MO,GLADSTONE,38908,1
64119,29047,Clay MO,KANSAS CITY,25702,1
64120,29095,Jackson MO,KANSAS CITY,481,1
64123,29095,Jackson MO,KANSAS CITY,10757,1
64124,29095,Jackson MO,KANSAS CITY,13343,1
64125,29095,Jackson MO,KANSAS CITY,2370,1
64126,29095,Jackson MO,KANSAS CITY,6800,1
64127,29095,Jackson MO,KANSAS CITY,20831,1
64128,29095,Jackson MO,KANSAS CITY,14774,1
64129,29095,Jackson MO,KANSAS CITY,10293,1
64130,29095,Jackson MO,KANSAS CITY,25743,1
64131,29095,Jackson MO,KANSAS CITY,23193,1
64132,29095,Jackson MO,KANSAS CITY,15956,1
64133,29095,Jackson MO,RAYTOWN,34025,1
64134,29095,Jackson MO,KANSAS CITY,23471,1
64136,29095,Jackson MO,KANSAS CITY,1088,1
64137,29095,Jackson MO,KANSAS CITY,10061,1
64138,29095,Jackson MO,RAYTOWN,24940,1
64139,29095,Jackson MO,KANSAS CITY,1113,1
64145,29095,Jackson MO,KANSAS CITY,4792,1
64146,29095,Jackson MO,KANSAS CITY,1327,1
64147,29037,Cass MO,MARTIN CITY,104,0.14
64147,29095,Jackson MO,MARTIN CITY,639,0.86
64149,29095,Jackson MO,KANSAS CITY,384,1
64150,29165,Platte MO,KANSAS CITY,2891,1
64151,29165,Platte MO,LAKE WAUKOMIS,22563,1
64152,29165,Platte MO,PARKVILLE,23371,1
64153,29165,Platte MO,KANSAS CITY,3574,1
64154,29165,Platte MO,KANSAS CITY,4636,1
64155,29047,Clay MO,KANSAS CITY,16884,1
64156,29047,Clay MO,KANSAS CITY,1054,1
64157,29047,Clay MO,KANSAS CITY,3199,1
64158,29047,Clay MO,KANSAS CITY,2405,1
64161,29047,Clay MO,RANDOLPH,427,1
64163,29165,Platte MO,FERRELVIEW,725,1
64164,29165,Platte MO,KANSAS CITY,239,1
64165,29047,Clay MO,KANSAS CITY,61,1
64166,29047,Clay MO,KANSAS CITY,248,1
64167,29047,Clay MO,KANSAS CITY,409,1
64192,29095,Jackson MO,KANSAS CITY,19,1
64401,29021,Buchanan MO,AGENCY,1426,1
64402,29075,Gentry MO,ALBANY,2564,1
64421,29003,Andrew MO,AMAZONIA,869,1
64422,29063,DeKalb MO,AMITY,420,1
64423,29003,Andrew MO,BARNARD,11,0.014
64423,29147,Nodaway MO,BARNARD,776,0.986
64424,29081,Harrison MO,BETHANY,4165,1
64426,29081,Harrison MO,BLYTHEDALE,419,1
64427,29003,Andrew MO,BOLCKOW,543,0.899
64427,29147,Nodaway MO,BOLCKOW,61,0.101
64428,29005,Atchison MO,BURLINGTON JUNCT,18,0.017
64428,29147,Nodaway MO,BURLINGTON JUNCT,1041,0.983
64429,29025,Caldwell MO,CAMERON,691,0.063
64429,29049,Clinton MO,CAMERON,5388,0.489
64429,29061,Daviess MO,CAMERON,77,0.007
64429,29063,DeKalb MO,CAMERON,4860,0.441
64430,29003,Andrew MO,CLARKSDALE,74,0.092
64430,29063,DeKalb MO,CLARKSDALE,726,0.907
64431,29147,Nodaway MO,CLEARMONT,392,1
64432,29147,Nodaway MO,CLYDE,123,1
64433,29147,Nodaway MO,CONCEPTION,190,1
64434,29147,Nodaway MO,CONCEPTION JUNCT,489,1
64436,29003,Andrew MO,COSBY,811,1
64437,29087,Holt MO,BIGELOW,975,1
64438,29075,Gentry MO,DARLINGTON,283,1
64439,29021,Buchanan MO,DEARBORN,412,0.277
64439,29165,Platte MO,DEARBORN,1078,0.723
64440,29021,Buchanan MO,DE KALB,731,0.983
64440,29165,Platte MO,DE KALB,13,0.017
64441,29075,Gentry MO,DENVER,41,0.24
64441,29227,Worth MO,DENVER,130,0.76
64442,29081,Harrison MO,EAGLEVILLE,799,1
64443,29021,Buchanan MO,EASTON,1075,1
64444,29021,Buchanan MO,EDGERTON,47,0.033
64444,29165,Platte MO,EDGERTON,1386,0.967
64445,29147,Nodaway MO,ELMO,365,1
64446,29005,Atchison MO,FAIRFAX,1158,0.989
64446,29087,Holt MO,FAIRFAX,13,0.011
64448,29021,Buchanan MO,FAUCETT,1133,1
64449,29003,Andrew MO,FILLMORE,461,1
64451,29087,Holt MO,FOREST CITY,515,1
64453,29075,Gentry MO,GENTRY,246,1
64454,29021,Buchanan MO,GOWER,465,0.192
64454,29049,Clinton MO,GOWER,1951,0.808
64455,29003,Andrew MO,GRAHAM,27,0.059
64455,29147,Nodaway MO,GRAHAM,432,0.941
64456,29081,Harrison MO,GRANT CITY,10,0.006
64456,29227,Worth MO,GRANT CITY,1632,0.994
64457,29003,Andrew MO,GUILFORD,20,0.062
64457,29147,Nodaway MO,GUILFORD,303,0.938
64458,29081,Harrison MO,HATFIELD,211,0.921
64458,29227,Worth MO,HATFIELD,18,0.079
64459,29003,Andrew MO,HELENA,553,1
64461,29147,Nodaway MO,HOPKINS,1013,1
64463,29003,Andrew MO,KING CITY,56,0.034
64463,29063,DeKalb MO,KING CITY,137,0.084
64463,29075,Gentry MO,KING CITY,1437,0.882
64465,29025,Caldwell MO,LATHROP,199,0.05
64465,29049,Clinton MO,LATHROP,3803,0.95
64466,29087,Holt MO,MAITLAND,560,1
64467,29081,Harrison MO,MARTINSVILLE,179,1
64468,29147,Nodaway MO,MARYVILLE,14107,1
64469,29063,DeKalb MO,MAYSVILLE,2177,1
64470,29087,Holt MO,MOUND CITY,1650,1
64471,29075,Gentry MO,NEW HAMPTON,41,0.073
64471,29081,Harrison MO,NEW HAMPTON,518,0.927
64473,29087,Holt MO,OREGON,1584,1
64474,29049,Clinton MO,OSBORN,218,0.243
64474,29063,DeKalb MO,OSBORN,679,0.757
64475,29075,Gentry MO,PARNELL,12,0.025
64475,29147,Nodaway MO,PARNELL,382,0.781
64475,29227,Worth MO,PARNELL,95,0.194
64476,29147,Nodaway MO,PICKERING,415,1
64477,29049,Clinton MO,PLATTSBURG,3306,1
64479,29075,Gentry MO,RAVENWOOD,39,0.044
64479,29147,Nodaway MO,RAVENWOOD,844,0.956
64480,29003,Andrew MO,REA,407,1
64481,29081,Harrison MO,RIDGEWAY,1166,1
64482,29005,Atchison MO,ROCK PORT,2216,1
64483,29003,Andrew MO,ROSENDALE,682,1
64484,29021,Buchanan MO,RUSHVILLE,1020,0.848
64484,29165,Platte MO,RUSHVILLE,183,0.152
64485,29003,Andrew MO,SAVANNAH,7637,1
64486,29147,Nodaway MO,SHERIDAN,89,0.206
64486,29227,Worth MO,SHERIDAN,342,0.794
64487,29005,Atchison MO,SKIDMORE,43,0.052
64487,29087,Holt MO,SKIDMORE,54,0.065
64487,29147,Nodaway MO,SKIDMORE,735,0.883
64489,29075,Gentry MO,STANBERRY,1865,0.923
64489,29147,Nodaway MO,STANBERRY,155,0.077
64490,29021,Buchanan MO,HEMPLE,109,0.051
64490,29049,Clinton MO,HEMPLE,656,0.308
64490,29063,DeKalb MO,HEMPLE,1367,0.641
64491,29005,Atchison MO,TARKIO,2350,1
64492,29047,Clay MO,TRIMBLE,201,0.175
64492,29049,Clinton MO,TRIMBLE,949,0.825
64493,29049,Clinton MO,TURNEY,530,1
64494,29003,Andrew MO,UNION STAR,270,0.273
64494,29063,DeKalb MO,UNION STAR,719,0.727
64496,29005,Atchison MO,WATSON,186,1
64497,29061,Daviess MO,WEATHERBY,106,0.198
64497,29063,DeKalb MO,WEATHERBY,429,0.802
64498,29005,Atchison MO,WESTBORO,407,1
64499,29075,Gentry MO,WORTH,18,0.098
64499,29227,Worth MO,WORTH,165,0.902
64501,29021,Buchanan MO,SAINT JOSEPH,12034,1
64503,29021,Buchanan MO,SAINT JOSEPH,12330,1
64504,29021,Buchanan MO,SAINT JOSEPH,10926,1
64505,29003,Andrew MO,SAINT JOSEPH,3173,0.252
64505,29021,Buchanan MO,SAINT JOSEPH,9414,0.748
64506,29003,Andrew MO,SAINT JOSEPH,898,0.041
64506,29021,Buchanan MO,SAINT JOSEPH,20875,0.959
64507,29021,Buchanan MO,SAINT JOSEPH,14001,1
64601,29117,Livingston MO,CHILLICOTHE,11762,1
64620,29061,Daviess MO,ALTAMONT,461,1
64622,29033,Carroll MO,BOGARD,719,1
64623,29033,Carroll MO,BOSWORTH,770,1
64624,29025,Caldwell MO,BRAYMER,1437,0.825
64624,29033,Carroll MO,BRAYMER,167,0.096
64624,29117,Livingston MO,BRAYMER,18,0.01
64624,29177,Ray MO,BRAYMER,119,0.068
64625,29025,Caldwell MO,BRECKENRIDGE,654,0.871
64625,29061,Daviess MO,BRECKENRIDGE,45,0.06
64625,29117,Livingston MO,BRECKENRIDGE,52,0.069
64628,29041,Chariton MO,BROOKFIELD,60,0.01
64628,29115,Linn MO,BROOKFIELD,6223,0.99
64630,29115,Linn MO,BROWNING,428,0.595
64630,29211,Sullivan MO,BROWNING,291,0.405
64631,29115,Linn MO,BUCKLIN,890,0.873
64631,29121,Macon MO,BUCKLIN,129,0.127
64632,29081,Harrison MO,CAINSVILLE,549,0.7
64632,29129,Mercer MO,CAINSVILLE,235,0.3
64633,29033,Carroll MO,CARROLLTON,5610,1
64635,29079,Grundy MO,CHULA,18,0.034
64635,29115,Linn MO,CHULA,31,0.059
64635,29117,Livingston MO,CHULA,480,0.907
64636,29061,Daviess MO,COFFEY,256,0.911
64636,29081,Harrison MO,COFFEY,25,0.089
64637,29025,Caldwell MO,COWGILL,561,0.871
64637,29177,Ray MO,COWGILL,83,0.129
64638,29033,Carroll MO,DAWN,261,0.408
64638,29117,Livingston MO,DAWN,379,0.592
64639,29033,Carroll MO,DE WITT,249,1
64640,29061,Daviess MO,GALLATIN,3185,1
64641,29079,Grundy MO,GALT,599,0.861
64641,29211,Sullivan MO,GALT,97,0.139
64642,29061,Daviess MO,GILMAN CITY,52,0.062
64642,29079,Grundy MO,GILMAN CITY,105,0.124
64642,29081,Harrison MO,GILMAN CITY,688,0.814
64643,29033,Carroll MO,HALE,738,0.684
64643,29117,Livingston MO,HALE,341,0.316
64644,29025,Caldwell MO,HAMILTON,2805,0.956
64644,29061,Daviess MO,HAMILTON,130,0.044
64645,29129,Mercer MO,HARRIS,81,0.28
64645,29211,Sullivan MO,HARRIS,208,0.72
64646,29115,Linn MO,HUMPHREYS,28,0.073
64646,29211,Sullivan MO,HUMPHREYS,357,0.927
64647,29061,Daviess MO,JAMESON,339,1
64648,29061,Daviess MO,JAMESPORT,1702,0.843
64648,29079,Grundy MO,JAMESPORT,271,0.134
64648,29117,Livingston MO,JAMESPORT,46,0.023
64649,29025,Caldwell MO,KIDDER,575,0.751
64649,29061,Daviess MO,KIDDER,191,0.249
64650,29025,Caldwell MO,KINGSTON,630,1
64651,29115,Linn MO,LACLEDE,687,1
64652,29079,Grundy MO,LAREDO,475,1
64653,29115,Linn MO,LINNEUS,780,1
64655,29171,Putnam MO,LUCERNE,307,1
64656,29117,Livingston MO,LUDLOW,379,1
64657,29061,Daviess MO,MC FALL,54,0.122
64657,29075,Gentry MO,MC FALL,290,0.656
64657,29081,Harrison MO,MC FALL,98,0.222
64658,29041,Chariton MO,MARCELINE,735,0.203
64658,29115,Linn MO,MARCELINE,2883,0.794
64658,29121,Macon MO,MARCELINE,11,0.003
64659,29115,Linn MO,MEADVILLE,932,1
64660,29041,Chariton MO,MENDON,558,1
64661,29129,Mercer MO,MERCER,1015,1
64664,29117,Livingston MO,MOORESVILLE,271,1
64667,29129,Mercer MO,NEWTOWN,83,0.171
64667,29171,Putnam MO,NEWTOWN,32,0.066
64667,29211,Sullivan MO,NEWTOWN,369,0.762
64668,29033,Carroll MO,NORBORNE,1384,0.873
64668,29177,Ray MO,NORBORNE,202,0.127
64670,29061,Daviess MO,PATTONSBURG,860,0.868
64670,29063,DeKalb MO,PATTONSBURG,83,0.084
64670,29075,Gentry MO,PATTONSBURG,25,0.025
64670,29081,Harrison MO,PATTONSBURG,23,0.023
64671,29025,Caldwell MO,POLO,1417,0.796
64671,29177,Ray MO,POLO,363,0.204
64672,29129,Mercer MO,POWERSVILLE,5,0.02
64672,29171,Putnam MO,POWERSVILLE,249,0.98
64673,29129,Mercer MO,PRINCETON,2286,1
64674,29115,Linn MO,PURDIN,502,1
64676,29041,Chariton MO,ROTHVILLE,272,1
64679,29079,Grundy MO,SPICKARD,735,0.934
64679,29129,Mercer MO,SPICKARD,52,0.066
64681,29041,Chariton MO,SUMNER,240,0.976
64681,29115,Linn MO,SUMNER,6,0.024
64682,29033,Carroll MO,TINA,357,1
64683,29079,Grundy MO,TRENTON,8229,0.989
64683,29117,Livingston MO,TRENTON,94,0.011
64686,29117,Livingston MO,UTICA,299,1
64688,29115,Linn MO,WHEELING,93,0.175
64688,29117,Livingston MO,WHEELING,437,0.825
64689,29061,Daviess MO,WINSTON,558,1
64701,29037,Cass MO,HARRISONVILLE,13351,1
64720,29013,Bates MO,ADRIAN,3618,1
64722,29013,Bates MO,AMORET,518,1
64723,29013,Bates MO,AMSTERDAM,786,1
64724,29013,Bates MO,APPLETON CITY,243,0.112
64724,29083,Henry MO,APPLETON CITY,7,0.003
64724,29185,St. Clair MO,APPLETON CITY,1924,0.885
64725,29013,Bates MO,ARCHIE,149,0.083
64725,29037,Cass MO,ARCHIE,1636,0.917
64726,29083,Henry MO,BLAIRSTOWN,507,0.925
64726,29101,Johnson MO,BLAIRSTOWN,41,0.075
64728,29217,Vernon MO,BRONAUGH,586,1
64730,29013,Bates MO,BUTLER,7174,1
64733,29083,Henry MO,CHILHOWEE,227,0.204
64733,29101,Johnson MO,CHILHOWEE,884,0.796
64734,29037,Cass MO,CLEVELAND,1858,1
64735,29015,Benton MO,TIGHTWAD,163,0.013
64735,29083,Henry MO,TIGHTWAD,12747,0.987
64738,29085,Hickory MO,COLLINS,21,0.017
64738,29185,St. Clair MO,COLLINS,1183,0.983
64739,29037,Cass MO,CREIGHTON,737,0.815
64739,29083,Henry MO,CREIGHTON,167,0.185
64740,29083,Henry MO,DEEPWATER,1652,0.841
64740,29185,St. Clair MO,DEEPWATER,313,0.159
64741,29217,Vernon MO,DEERFIELD,367,1
64742,29013,Bates MO,DREXEL,464,0.217
64742,29037,Cass MO,DREXEL,1676,0.783
64743,29037,Cass MO,EAST LYNNE,308,1
64744,29039,Cedar MO,EL DORADO SPRING,6769,0.848
64744,29185,St. Clair MO,EL DORADO SPRING,544,0.068
64744,29217,Vernon MO,EL DORADO SPRING,672,0.084
64745,29013,Bates MO,FOSTER,51,1
64746,29037,Cass MO,FREEMAN,1534,1
64747,29037,Cass MO,GARDEN CITY,3552,0.938
64747,29101,Johnson MO,GARDEN CITY,233,0.062
64748,29011,Barton MO,GOLDEN CITY,1308,0.784
64748,29057,Dade MO,GOLDEN CITY,200,0.12
64748,29097,Jasper MO,GOLDEN CITY,122,0.073
64748,29109,Lawrence MO,GOLDEN CITY,39,0.023
64750,29185,St. Clair MO,HARWOOD,8,0.019
64750,29217,Vernon MO,HARWOOD,414,0.981
64751,29217,Vernon MO,HORTON,265,1
64752,29013,Bates MO,STOTESBURY,614,0.762
64752,29217,Vernon MO,STOTESBURY,192,0.238
64755,29011,Barton MO,JASPER,416,0.155
64755,29097,Jasper MO,JASPER,2273,0.845
64756,29039,Cedar MO,JERICO SPRINGS,655,0.843
64756,29057,Dade MO,JERICO SPRINGS,122,0.157
64759,29011,Barton MO,IANTHA,8140,0.999
64759,29057,Dade MO,IANTHA,11,0.001
64761,29083,Henry MO,LEETON,112,0.075
64761,29101,Johnson MO,LEETON,1373,0.925
64762,29011,Barton MO,LIBERAL,1632,1
64763,29185,St. Clair MO,LOWRY CITY,1450,1
64767,29217,Vernon MO,MILO,730,1
64769,29011,Barton MO,MINDENMINES,678,1
64770,29013,Bates MO,MONTROSE,94,0.09
64770,29083,Henry MO,MONTROSE,939,0.9
64770,29185,St. Clair MO,MONTROSE,10,0.01
64771,29217,Vernon MO,MOUNDVILLE,537,1
64772,29217,Vernon MO,NEVADA,13289,1
64776,29015,Benton MO,OSCEOLA,54,0.015
64776,29185,St. Clair MO,OSCEOLA,3455,0.985
64778,29217,Vernon MO,RICHARDS,331,1
64779,29013,Bates MO,RICH HILL,2397,0.865
64779,29217,Vernon MO,RICH HILL,373,0.135
64780,29013,Bates MO,ROCKVILLE,404,0.644
64780,29185,St. Clair MO,ROCKVILLE,223,0.356
64781,29185,St. Clair MO,ROSCOE,84,1
64783,29185,St. Clair MO,SCHELL CITY,165,0.198
64783,29217,Vernon MO,SCHELL CITY,670,0.802
64784,29011,Barton MO,SHELDON,133,0.099
64784,29039,Cedar MO,SHELDON,39,0.029
64784,29217,Vernon MO,SHELDON,1175,0.872
64788,29013,Bates MO,URICH,141,0.111
64788,29083,Henry MO,URICH,1135,0.889
64790,29217,Vernon MO,WALKER,853,1
64801,29097,Jasper MO,JOPLIN,32628,1
64804,29097,Jasper MO,JOPLIN,19360,0.56
64804,29145,Newton MO,JOPLIN,15226,0.44
64830,29097,Jasper MO,ALBA,652,1
64831,29119,McDonald MO,ANDERSON,5933,1
64832,29011,Barton MO,ASBURY,139,0.192
64832,29097,Jasper MO,ASBURY,585,0.808
64833,29097,Jasper MO,AVILLA,109,1
64834,29097,Jasper MO,CARL JUNCTION,7175,1
64835,29097,Jasper MO,CARTERVILLE,1830,1
64836,29097,Jasper MO,CARTHAGE,21960,0.999
64836,29145,Newton MO,CARTHAGE,18,0.001
64840,29097,Jasper MO,DIAMOND,139,0.058
64840,29145,Newton MO,DIAMOND,2272,0.942
64841,29097,Jasper MO,DUENWEG,415,1
64842,29009,Barry MO,FAIRVIEW,38,0.044
64842,29145,Newton MO,FAIRVIEW,827,0.956
64843,29119,McDonald MO,GOODMAN,2733,0.871
64843,29145,Newton MO,GOODMAN,403,0.129
64844,29145,Newton MO,GRANBY,4523,1
64847,29119,McDonald MO,LANAGAN,426,1
64848,29097,Jasper MO,LA RUSSELL,154,0.218
64848,29109,Lawrence MO,LA RUSSELL,554,0.782
64849,29097,Jasper MO,NECK CITY,105,1
64850,29119,McDonald MO,NEOSHO,53,0.003
64850,29145,Newton MO,NEOSHO,20879,0.997
64854,29119,McDonald MO,NOEL,4052,1
64855,29011,Barton MO,ORONOGO,95,0.053
64855,29097,Jasper MO,ORONOGO,1692,0.947
64856,29119,McDonald MO,JANE,3734,1
64857,29097,Jasper MO,PURCELL,341,1
64858,29145,Newton MO,RACINE,157,1
64859,29097,Jasper MO,REEDS,1151,1
64861,29119,McDonald MO,ROCKY COMFORT,1005,0.955
64861,29145,Newton MO,ROCKY COMFORT,47,0.045
64862,29097,Jasper MO,SARCOXIE,2630,0.851
64862,29109,Lawrence MO,SARCOXIE,140,0.045
64862,29145,Newton MO,SARCOXIE,321,0.104
64863,29119,McDonald MO,SOUTH WEST CITY,1672,1
64865,29119,McDonald MO,SENECA,532,0.095
64865,29145,Newton MO,SENECA,5082,0.905
64866,29145,Newton MO,STARK CITY,1326,1
64867,29119,McDonald MO,STELLA,777,0.556
64867,29145,Newton MO,STELLA,620,0.444
64870,29097,Jasper MO,WEBB CITY,11365,1
64873,29109,Lawrence MO,WENTWORTH,513,0.55
64873,29145,Newton MO,WENTWORTH,420,0.45
64874,29009,Barry MO,WHEATON,897,1
65001,29125,Maries MO,ARGYLE,106,0.23
65001,29151,Osage MO,ARGYLE,355,0.77
65010,29019,Boone MO,ASHLAND,4040,1
65011,29135,Moniteau MO,BARNETT,107,0.05
65011,29141,Morgan MO,BARNETT,2016,0.95
65013,29125,Maries MO,BELLE,2464,0.766
65013,29151,Osage MO,BELLE,754,0.234
65014,29073,Gasconade MO,BLAND,1844,0.785
65014,29125,Maries MO,BLAND,125,0.053
65014,29151,Osage MO,BLAND,379,0.161
65016,29151,Osage MO,BONNOTS MILL,1265,1
65017,29131,Miller MO,BRUMLEY,1472,1
65018,29053,Cooper MO,CALIFORNIA,77,0.01
65018,29135,Moniteau MO,CALIFORNIA,7420,0.99
65020,29029,Camden MO,CAMDENTON,12165,1
65023,29051,Cole MO,CENTERTOWN,1363,0.897
65023,29135,Moniteau MO,CENTERTOWN,157,0.103
65024,29151,Osage MO,CHAMOIS,1200,1
65025,29053,Cooper MO,CLARKSBURG,199,0.244
65025,29135,Moniteau MO,CLARKSBURG,618,0.756
65026,29131,Miller MO,ELDON,12053,0.994
65026,29141,Morgan MO,ELDON,73,0.006
65032,29051,Cole MO,EUGENE,756,0.53
65032,29131,Miller MO,EUGENE,671,0.47
65034,29135,Moniteau MO,FORTUNA,302,0.517
65034,29141,Morgan MO,FORTUNA,282,0.483
65035,29151,Osage MO,FREEBURG,1599,1
65036,29073,Gasconade MO,GASCONADE,252,1
65037,29029,Camden MO,GRAVOIS MILLS,794,0.17
65037,29141,Morgan MO,GRAVOIS MILLS,3872,0.83
65039,29019,Boone MO,HARTSBURG,2081,0.965
65039,29027,Callaway MO,HARTSBURG,75,0.035
65040,29051,Cole MO,HENLEY,999,0.79
65040,29131,Miller MO,HENLEY,266,0.21
65041,29073,Gasconade MO,BAY,5127,0.878
65041,29139,Montgomery MO,BAY,563,0.096
65041,29219,Warren MO,BAY,152,0.026
65043,29027,Callaway MO,HOLTS SUMMIT,8948,1
65046,29135,Moniteau MO,JAMESTOWN,1142,1
65047,29029,Camden MO,KAISER,92,0.072
65047,29131,Miller MO,KAISER,1179,0.928
65048,29151,Osage MO,KOELTZTOWN,144,1
65049,29029,Camden MO,FOUR SEASONS,3774,0.777
65049,29131,Miller MO,FOUR SEASONS,1084,0.223
65050,29135,Moniteau MO,LATHAM,567,1
65051,29073,Gasconade MO,LINN,5,0.001
65051,29151,Osage MO,LINN,4688,0.999
65052,29029,Camden MO,LINN CREEK,3146,1
65053,29051,Cole MO,LOHMAN,1169,1
65054,29151,Osage MO,LOOSE CREEK,554,1
65058,29125,Maries MO,META,569,0.54
65058,29131,Miller MO,META,161,0.153
65058,29151,Osage MO,META,324,0.307
65059,29027,Callaway MO,MOKANE,786,1
65061,29073,Gasconade MO,MORRISON,415,0.676
65061,29151,Osage MO,MORRISON,199,0.324
65062,29151,Osage MO,MOUNT STERLING,8,1
65063,29027,Callaway MO,NEW BLOOMFIELD,2837,1
65064,29131,Miller MO,OLEAN,627,1
65065,29029,Camden MO,OSAGE BEACH,4909,1
65066,29055,Crawford MO,OWENSVILLE,244,0.037
65066,29073,Gasconade MO,OWENSVILLE,6276,0.963
65067,29027,Callaway MO,PORTLAND,412,1
65068,29053,Cooper MO,PRAIRIE HOME,625,1
65069,29027,Callaway MO,RHINELAND,73,0.098
65069,29139,Montgomery MO,RHINELAND,674,0.902
65072,29131,Miller MO,ROCKY MOUNT,308,0.191
65072,29141,Morgan MO,ROCKY MOUNT,1301,0.809
65074,29051,Cole MO,RUSSELLVILLE,2068,0.732
65074,29131,Miller MO,RUSSELLVILLE,6,0.002
65074,29135,Moniteau MO,RUSSELLVILLE,753,0.266
65075,29131,Miller MO,SAINT ELIZABETH,790,1
65076,29051,Cole MO,SAINT THOMAS,666,0.747
65076,29151,Osage MO,SAINT THOMAS,225,0.253
65077,29027,Callaway MO,STEEDMAN,554,1
65078,29015,Benton MO,STOVER,33,0.01
65078,29141,Morgan MO,STOVER,3394,0.985
65078,29159,Pettis MO,STOVER,20,0.006
65079,29029,Camden MO,SUNRISE BEACH,4233,0.92
65079,29141,Morgan MO,SUNRISE BEACH,369,0.08
65080,29027,Callaway MO,TEBBETTS,762,1
65081,29053,Cooper MO,TIPTON,68,0.016
65081,29135,Moniteau MO,TIPTON,3656,0.856
65081,29141,Morgan MO,TIPTON,546,0.128
65082,29131,Miller MO,TUSCUMBIA,1171,1
65083,29131,Miller MO,ULMAN,292,1
65084,29135,Moniteau MO,VERSAILLES,40,0.006
65084,29141,Morgan MO,VERSAILLES,6370,0.994
65085,29151,Osage MO,WESTPHALIA,1061,1
65101,29051,Cole MO,JEFFERSON CITY,27909,0.989
65101,29151,Osage MO,JEFFERSON CITY,307,0.011
65109,29051,Cole MO,JEFFERSON CITY,36467,1
65201,29019,Boone MO,COLUMBIA,34474,0.998
65201,29027,Callaway MO,COLUMBIA,73,0.002
65202,29019,Boone MO,COLUMBIA,35354,0.987
65202,29027,Callaway MO,COLUMBIA,480,0.013
65203,29019,Boone MO,COLUMBIA,45379,1
65230,29089,Howard MO,ARMSTRONG,671,0.909
65230,29175,Randolph MO,ARMSTRONG,67,0.091
65231,29007,Audrain MO,AUXVASSE,41,0.013
65231,29027,Callaway MO,AUXVASSE,3035,0.987
65232,29007,Audrain MO,BENTON CITY,220,1
65233,29053,Cooper MO,BOONVILLE,11138,1
65236,29041,Chariton MO,BRUNSWICK,1460,1
65237,29053,Cooper MO,BUNCETON,915,1
65239,29175,Randolph MO,CAIRO,1223,1
65240,29007,Audrain MO,CENTRALIA,1124,0.159
65240,29019,Boone MO,CENTRALIA,5808,0.823
65240,29027,Callaway MO,CENTRALIA,107,0.015
65240,29137,Monroe MO,CENTRALIA,18,0.003
65243,29007,Audrain MO,CLARK,771,0.315
65243,29019,Boone MO,CLARK,514,0.21
65243,29089,Howard MO,CLARK,108,0.044
65243,29137,Monroe MO,CLARK,63,0.026
65243,29175,Randolph MO,CLARK,995,0.406
65244,29041,Chariton MO,CLIFTON HILL,37,0.084
65244,29175,Randolph MO,CLIFTON HILL,405,0.916
65246,29041,Chariton MO,DALTON,141,1
65247,29121,Macon MO,EXCELLO,567,1
65248,29089,Howard MO,FAYETTE,4596,1
65250,29089,Howard MO,FRANKLIN,650,1
65251,29027,Callaway MO,FULTON,21045,1
65254,29041,Chariton MO,GLASGOW,236,0.116
65254,29089,Howard MO,GLASGOW,1794,0.884
65255,29019,Boone MO,HALLSVILLE,2926,1
65256,29019,Boone MO,HARRISBURG,1386,0.913
65256,29089,Howard MO,HARRISBURG,132,0.087
65257,29089,Howard MO,HIGBEE,272,0.174
65257,29175,Randolph MO,HIGBEE,1289,0.826
65258,29137,Monroe MO,HOLLIDAY,520,1
65259,29175,Randolph MO,HUNTSVILLE,2714,1
65260,29121,Macon MO,JACKSONVILLE,46,0.083
65260,29137,Monroe MO,JACKSONVILLE,18,0.032
65260,29175,Randolph MO,JACKSONVILLE,492,0.885
65261,29041,Chariton MO,KEYTESVILLE,1055,1
65262,29027,Callaway MO,KINGDOM CITY,502,1
65263,29137,Monroe MO,MADISON,1889,0.985
65263,29175,Randolph MO,MADISON,28,0.015
65264,29007,Audrain MO,MARTINSBURG,724,0.82
65264,29027,Callaway MO,MARTINSBURG,131,0.148
65264,29139,Montgomery MO,MARTINSBURG,28,0.032
65265,29007,Audrain MO,MEXICO,15531,0.993
65265,29137,Monroe MO,MEXICO,106,0.007
65270,29137,Monroe MO,MOBERLY,57,0.003
65270,29175,Randolph MO,MOBERLY,17242,0.997
65274,29089,Howard MO,NEW FRANKLIN,1757,1
65275,29137,Monroe MO,PARIS,2772,1
65276,29053,Cooper MO,PILOT GROVE,1505,1
65278,29175,Randolph MO,RENICK,182,1
65279,29019,Boone MO,ROCHEPORT,1249,0.849
65279,29089,Howard MO,ROCHEPORT,222,0.151
65280,29007,Audrain MO,RUSH HILL,193,1
65281,29041,Chariton MO,SALISBURY,3218,0.996
65281,29089,Howard MO,SALISBURY,10,0.003
65281,29175,Randolph MO,SALISBURY,2,0.001
65282,29137,Monroe MO,SANTA FE,153,1
65283,29137,Monroe MO,STOUTSVILLE,443,1
65284,29007,Audrain MO,STURGEON,62,0.027
65284,29019,Boone MO,STURGEON,2243,0.973
65285,29007,Audrain MO,THOMPSON,738,1
65286,29041,Chariton MO,TRIPLETT,198,1
65287,29053,Cooper MO,WOOLDRIDGE,276,0.809
65287,29135,Moniteau MO,WOOLDRIDGE,65,0.191
65301,29159,Pettis MO,SEDALIA,31839,1
65305,29101,Johnson MO,WHITEMAN AFB,3819,1
65320,29195,Saline MO,ARROW ROCK,91,1
65321,29107,Lafayette MO,BLACKBURN,77,0.162
65321,29195,Saline MO,BLACKBURN,398,0.838
65322,29053,Cooper MO,BLACKWATER,671,1
65323,29083,Henry MO,CALHOUN,932,1
65324,29015,Benton MO,CLIMAX SPRINGS,5,0.003
65324,29029,Camden MO,CLIMAX SPRINGS,1456,0.997
65325,29015,Benton MO,COLE CAMP,2880,0.998
65325,29159,Pettis MO,COLE CAMP,5,0.002
65326,29015,Benton MO,EDWARDS,1342,0.716
65326,29029,Camden MO,EDWARDS,531,0.284
65327,29107,Lafayette MO,EMMA,123,0.444
65327,29195,Saline MO,EMMA,154,0.556
65329,29141,Morgan MO,FLORENCE,363,1
65330,29195,Saline MO,GILLIAM,554,1
65332,29101,Johnson MO,GREEN RIDGE,21,0.015
65332,29159,Pettis MO,GREEN RIDGE,1419,0.985
65333,29159,Pettis MO,HOUSTONIA,728,0.853
65333,29195,Saline MO,HOUSTONIA,125,0.147
65334,29159,Pettis MO,HUGHESVILLE,767,1
65335,29015,Benton MO,IONIA,182,0.641
65335,29159,Pettis MO,IONIA,102,0.359
65336,29101,Johnson MO,KNOB NOSTER,5346,0.982
65336,29159,Pettis MO,KNOB NOSTER,99,0.018
65337,29159,Pettis MO,LA MONTE,1941,1
65338,29015,Benton MO,LINCOLN,2866,1
65339,29195,Saline MO,GRAND PASS,833,1
65340,29159,Pettis MO,NAPTON,102,0.007
65340,29195,Saline MO,NAPTON,15478,0.993
65344,29195,Saline MO,MIAMI,321,1
65345,29015,Benton MO,MORA,146,0.301
65345,29141,Morgan MO,MORA,114,0.235
65345,29159,Pettis MO,MORA,225,0.464
65347,29053,Cooper MO,NELSON,42,0.058
65347,29159,Pettis MO,NELSON,99,0.137
65347,29195,Saline MO,NELSON,581,0.805
65348,29053,Cooper MO,OTTERVILLE,1119,0.795
65348,29141,Morgan MO,OTTERVILLE,274,0.195
65348,29159,Pettis MO,OTTERVILLE,14,0.01
65349,29195,Saline MO,SLATER,2737,1
65350,29141,Morgan MO,SMITHTON,108,0.072
65350,29159,Pettis MO,SMITHTON,1382,0.928
65351,29101,Johnson MO,SWEET SPRINGS,9,0.003
65351,29159,Pettis MO,SWEET SPRINGS,160,0.061
65351,29195,Saline MO,SWEET SPRINGS,2445,0.935
65354,29053,Cooper MO,SYRACUSE,35,0.134
65354,29141,Morgan MO,SYRACUSE,227,0.866
65355,29015,Benton MO,WARSAW,9130,0.999
65355,29085,Hickory MO,WARSAW,10,0.001
65360,29015,Benton MO,WINDSOR,354,0.075
65360,29083,Henry MO,WINDSOR,3572,0.756
65360,29101,Johnson MO,WINDSOR,295,0.062
65360,29159,Pettis MO,WINDSOR,501,0.106
65401,29065,Dent MO,ROLLA,59,0.002
65401,29125,Maries MO,ROLLA,265,0.01
65401,29161,Phelps MO,ROLLA,27301,0.988
65436,29161,Phelps MO,BEULAH,108,1
65438,29149,Oregon MO,BIRCH TREE,431,0.145
65438,29203,Shannon MO,BIRCH TREE,2537,0.855
65439,29093,Iron MO,BIXBY,310,1
65440,29065,Dent MO,BOSS,418,0.659
65440,29093,Iron MO,BOSS,2,0.003
65440,29179,Reynolds MO,BOSS,214,0.338
65441,29055,Crawford MO,BOURBON,4370,0.965
65441,29071,Franklin MO,BOURBON,23,0.005
65441,29221,Washington MO,BOURBON,136,0.03
65443,29125,Maries MO,BRINKTOWN,134,1
65444,29215,Texas MO,BUCYRUS,1054,1
65446,29055,Crawford MO,CHERRYVILLE,376,1
65449,29055,Crawford MO,COOK STATION,369,0.816
65449,29161,Phelps MO,COOK STATION,83,0.184
65452,29131,Miller MO,CROCKER,135,0.046
65452,29169,Pulaski MO,CROCKER,2779,0.954
65453,29055,Crawford MO,CUBA,7862,0.987
65453,29073,Gasconade MO,CUBA,100,0.013
65456,29055,Crawford MO,DAVISVILLE,619,1
65457,29169,Pulaski MO,DEVILS ELBOW,163,1
65459,29125,Maries MO,DIXON,1582,0.203
65459,29131,Miller MO,DIXON,300,0.038
65459,29161,Phelps MO,DIXON,109,0.014
65459,29169,Pulaski MO,DIXON,5802,0.745
65461,29161,Phelps MO,DUKE,38,0.458
65461,29169,Pulaski MO,DUKE,45,0.542
65462,29065,Dent MO,EDGAR SPRINGS,137,0.103
65462,29161,Phelps MO,EDGAR SPRINGS,1188,0.897
65463,29059,Dallas MO,ELDRIDGE,13,0.014
65463,29105,Laclede MO,ELDRIDGE,947,0.986
65464,29215,Texas MO,ELK CREEK,412,1
65466,29203,Shannon MO,EMINENCE,1621,1
65468,29215,Texas MO,EUNICE,35,1
65470,29105,Laclede MO,FALCON,870,0.873
65470,29215,Texas MO,FALCON,16,0.016
65470,29229,Wright MO,FALCON,110,0.11
65473,29169,Pulaski MO,FORT LEONARD WOO,13666,1
65479,29203,Shannon MO,HARTSHORN,145,0.424
65479,29215,Texas MO,HARTSHORN,197,0.576
65483,29215,Texas MO,HOUSTON,4636,1
65484,29215,Texas MO,HUGGINS,182,1
65486,29131,Miller MO,IBERIA,3049,1
65501,29065,Dent MO,JADWIN,197,1
65529,29161,Phelps MO,JEROME,240,1
65532,29065,Dent MO,LAKE SPRING,54,1
65534,29105,Laclede MO,LAQUEY,67,0.093
65534,29169,Pulaski MO,LAQUEY,656,0.907
65535,29055,Crawford MO,LEASBURG,1564,1
65536,29029,Camden MO,LEBANON,55,0.002
65536,29059,Dallas MO,LEBANON,180,0.007
65536,29105,Laclede MO,LEBANON,26215,0.991
65540,29065,Dent MO,ANUTT,379,1
65541,29065,Dent MO,LENOX,233,1
65542,29065,Dent MO,LICKING,148,0.032
65542,29161,Phelps MO,LICKING,4,0.001
65542,29215,Texas MO,LICKING,4498,0.967
65543,29105,Laclede MO,LYNCHBURG,191,0.685
65543,29229,Wright MO,LYNCHBURG,88,0.315
65548,29091,Howell MO,MOUNTAIN VIEW,4946,0.898
65548,29203,Shannon MO,MOUNTAIN VIEW,454,0.082
65548,29215,Texas MO,MOUNTAIN VIEW,107,0.019
65550,29161,Phelps MO,NEWBURG,2809,0.885
65550,29169,Pulaski MO,NEWBURG,366,0.115
65552,29105,Laclede MO,PLATO,37,0.026
65552,29169,Pulaski MO,PLATO,115,0.08
65552,29215,Texas MO,PLATO,1278,0.894
65555,29215,Texas MO,RAYMONDVILLE,1095,1
65556,29029,Camden MO,RICHLAND,896,0.177
65556,29105,Laclede MO,RICHLAND,641,0.127
65556,29169,Pulaski MO,RICHLAND,3528,0.697
65557,29215,Texas MO,ROBY,166,1
65559,29073,Gasconade MO,SAINT JAMES,43,0.005
65559,29125,Maries MO,SAINT JAMES,616,0.072
65559,29161,Phelps MO,SAINT JAMES,7862,0.923
65560,29055,Crawford MO,SALEM,154,0.011
65560,29065,Dent MO,SALEM,12938,0.964
65560,29161,Phelps MO,SALEM,83,0.006
65560,29203,Shannon MO,SALEM,236,0.018
65560,29215,Texas MO,SALEM,10,0.001
65564,29215,Texas MO,SOLO,175,1
65565,29055,Crawford MO,BERRYMAN,5171,0.979
65565,29093,Iron MO,BERRYMAN,43,0.008
65565,29221,Washington MO,BERRYMAN,66,0.012
65566,29093,Iron MO,VIBURNUM,915,1
65567,29029,Camden MO,STOUTLAND,1045,0.814
65567,29105,Laclede MO,STOUTLAND,239,0.186
65570,29215,Texas MO,SUCCESS,525,1
65571,29203,Shannon MO,SUMMERSVILLE,610,0.272
65571,29215,Texas MO,SUMMERSVILLE,1632,0.728
65580,29125,Maries MO,VICHY,801,1
65582,29125,Maries MO,VIENNA,2241,1
65583,29169,Pulaski MO,SAINT ROBERT,14045,1
65588,29149,Oregon MO,WINONA,40,0.016
65588,29203,Shannon MO,WINONA,2512,0.984
65589,29215,Texas MO,YUKON,272,1
65590,29059,Dallas MO,LONG LANE,1565,1
65591,29029,Camden MO,MONTREAL,834,1
65601,29039,Cedar MO,ALDRICH,16,0.021
65601,29057,Dade MO,ALDRICH,190,0.244
65601,29167,Polk MO,ALDRICH,573,0.736
65603,29057,Dade MO,ARCOLA,175,1
65604,29057,Dade MO,ASH GROVE,124,0.033
65604,29077,Greene MO,ASH GROVE,2512,0.674
65604,29109,Lawrence MO,ASH GROVE,1093,0.293
65605,29009,Barry MO,JENKINS,1905,0.164
65605,29109,Lawrence MO,JENKINS,9687,0.833
65605,29209,Stone MO,JENKINS,38,0.003
65606,29149,Oregon MO,RIVERTON,3140,1
65608,29067,Douglas MO,AVA,8882,0.98
65608,29153,Ozark MO,AVA,64,0.007
65608,29213,Taney MO,AVA,115,0.013
65609,29091,Howell MO,BAKERSFIELD,140,0.186
65609,29153,Ozark MO,BAKERSFIELD,612,0.814
65610,29043,Christian MO,BILLINGS,3272,0.75
65610,29077,Greene MO,BILLINGS,463,0.106
65610,29109,Lawrence MO,BILLINGS,65,0.015
65610,29209,Stone MO,BILLINGS,563,0.129
65611,29209,Stone MO,BLUE EYE,1904,0.973
65611,29213,Taney MO,BLUE EYE,52,0.027
65612,29077,Greene MO,BOIS D ARC,1197,0.947
65612,29109,Lawrence MO,BOIS D ARC,67,0.053
65613,29167,Polk MO,BOLIVAR,15120,1
65614,29043,Christian MO,BRADLEYVILLE,51,0.101
65614,29213,Taney MO,BRADLEYVILLE,454,0.899
65616,29209,Stone MO,MARVEL CAVE PARK,1479,0.085
65616,29213,Taney MO,MARVEL CAVE PARK,15860,0.915
65617,29077,Greene MO,BRIGHTON,475,0.345
65617,29167,Polk MO,BRIGHTON,902,0.655
65618,29153,Ozark MO,BRIXEY,158,1
65619,29043,Christian MO,BROOKLINE STATIO,147,0.035
65619,29077,Greene MO,BROOKLINE STATIO,4066,0.965
65620,29043,Christian MO,BRUNER,366,0.966
65620,29067,Douglas MO,BRUNER,13,0.034
65622,29059,Dallas MO,BUFFALO,7559,0.958
65622,29167,Polk MO,BUFFALO,334,0.042
65623,29009,Barry MO,BUTTERFIELD,39,1
65624,29209,Stone MO,CAPE FAIR,395,1
65625,29009,Barry MO,CASSVILLE,7655,1
65626,29091,Howell MO,CAULFIELD,924,0.551
65626,29153,Ozark MO,CAULFIELD,754,0.449
65627,29213,Taney MO,CEDARCREEK,507,1
65629,29043,Christian MO,CHADWICK,781,1
65630,29043,Christian MO,CHESTNUTRIDGE,159,1
65631,29043,Christian MO,CLEVER,2070,0.821
65631,29209,Stone MO,CLEVER,451,0.179
65632,29059,Dallas MO,CONWAY,508,0.183
65632,29105,Laclede MO,CONWAY,1686,0.609
65632,29225,Webster MO,CONWAY,576,0.208
65633,29009,Barry MO,CRANE,426,0.118
65633,29209,Stone MO,CRANE,3179,0.882
65634,29015,Benton MO,CROSS TIMBERS,17,0.024
65634,29085,Hickory MO,CROSS TIMBERS,696,0.976
65635,29039,Cedar MO,DADEVILLE,74,0.13
65635,29057,Dade MO,DADEVILLE,497,0.87
65637,29067,Douglas MO,DORA,262,0.225
65637,29091,Howell MO,DORA,254,0.219
65637,29153,Ozark MO,DORA,646,0.556
65638,29067,Douglas MO,DRURY,375,0.812
65638,29153,Ozark MO,DRURY,87,0.188
65640,29039,Cedar MO,DUNNEGAN,124,0.163
65640,29167,Polk MO,DUNNEGAN,639,0.837
65641,29009,Barry MO,EAGLE ROCK,1378,1
65644,29059,Dallas MO,ELKLAND,1516,0.604
65644,29225,Webster MO,ELKLAND,993,0.396
65646,29057,Dade MO,EVERTON,1416,0.753
65646,29109,Lawrence MO,EVERTON,465,0.247
65647,29009,Barry MO,EXETER,2186,0.983
65647,29119,McDonald MO,EXETER,37,0.017
65648,29059,Dallas MO,FAIR GROVE,796,0.178
65648,29077,Greene MO,FAIR GROVE,3214,0.719
65648,29167,Polk MO,FAIR GROVE,198,0.044
65648,29225,Webster MO,FAIR GROVE,261,0.058
65649,29039,Cedar MO,FAIR PLAY,432,0.31
65649,29167,Polk MO,FAIR PLAY,961,0.69
65650,29085,Hickory MO,FLEMINGTON,612,0.531
65650,29167,Polk MO,FLEMINGTON,541,0.469
65652,29043,Christian MO,FORDLAND,231,0.063
65652,29067,Douglas MO,FORDLAND,49,0.013
65652,29225,Webster MO,FORDLAND,3410,0.924
65653,29043,Christian MO,FORSYTH,57,0.012
65653,29213,Taney MO,FORSYTH,4678,0.988
65655,29153,Ozark MO,GAINESVILLE,2955,1
65656,29009,Barry MO,GALENA,201,0.035
65656,29209,Stone MO,GALENA,5508,0.965
65657,29043,Christian MO,GARRISON,135,1
65658,29009,Barry MO,GOLDEN,1019,1
65659,29167,Polk MO,GOODSON,357,1
65660,29215,Texas MO,GRAFF,20,0.093
65660,29229,Wright MO,GRAFF,195,0.907
65661,29057,Dade MO,GREENFIELD,2728,1
65662,29105,Laclede MO,GROVESPRING,196,0.167
65662,29229,Wright MO,GROVESPRING,980,0.833
65663,29167,Polk MO,HALF WAY,1906,1
65664,29109,Lawrence MO,HALLTOWN,39,1
65667,29229,Wright MO,HARTVILLE,3146,1
65668,29085,Hickory MO,HERMITAGE,1628,1
65669,29043,Christian MO,HIGHLANDVILLE,1437,0.879
65669,29209,Stone MO,HIGHLANDVILLE,197,0.121
65672,29213,Taney MO,HOLLISTER,7803,1
65674,29039,Cedar MO,HUMANSVILLE,670,0.27
65674,29085,Hickory MO,HUMANSVILLE,95,0.038
65674,29167,Polk MO,HUMANSVILLE,1659,0.669
65674,29185,St. Clair MO,HUMANSVILLE,55,0.022
65675,29209,Stone MO,HURLEY,106,1
65676,29153,Ozark MO,ISABELLA,549,1
65679,29213,Taney MO,KIRBYVILLE,2393,1
65680,29213,Taney MO,KISSEE MILLS,960,1
65681,29209,Stone MO,LAMPE,2261,1
65682,29057,Dade MO,LOCKWOOD,1918,0.958
65682,29109,Lawrence MO,LOCKWOOD,84,0.042
65685,29059,Dallas MO,LOUISBURG,795,0.822
65685,29167,Polk MO,LOUISBURG,172,0.178
65686,29209,Stone MO,KIMBERLING CITY,4356,1
65689,29067,Douglas MO,CABOOL,266,0.056
65689,29091,Howell MO,CABOOL,23,0.005
65689,29215,Texas MO,CABOOL,4466,0.939
65690,29149,Oregon MO,COUCH,494,1
65692,29091,Howell MO,KOSHKONONG,321,0.272
65692,29149,Oregon MO,KOSHKONONG,859,0.728
65701,29213,Taney MO,MC CLURG,25,1
65702,29067,Douglas MO,MACOMB,99,0.211
65702,29229,Wright MO,MACOMB,371,0.789
65704,29067,Douglas MO,MANSFIELD,298,0.08
65704,29229,Wright MO,MANSFIELD,3441,0.92
65705,29109,Lawrence MO,MARIONVILLE,3405,0.912
65705,29209,Stone MO,MARIONVILLE,328,0.088
65706,29225,Webster MO,MARSHFIELD,12907,1
65707,29109,Lawrence MO,MILLER,2117,1
65708,29009,Barry MO,MONETT,7436,0.657
65708,29109,Lawrence MO,MONETT,3889,0.343
65710,29167,Polk MO,MORRISVILLE,1129,1
65711,29067,Douglas MO,MOUNTAIN GROVE,541,0.057
65711,29215,Texas MO,MOUNTAIN GROVE,1506,0.159
65711,29229,Wright MO,MOUNTAIN GROVE,7416,0.784
65712,29109,Lawrence MO,MOUNT VERNON,7114,1
65713,29225,Webster MO,NIANGUA,2137,0.889
65713,29229,Wright MO,NIANGUA,266,0.111
65714,29043,Christian MO,NIXA,20633,0.982
65714,29209,Stone MO,NIXA,377,0.018
65715,29153,Ozark MO,NOBLE,146,1
65717,29067,Douglas MO,NORWOOD,578,0.243
65717,29229,Wright MO,NORWOOD,1796,0.757
65720,29043,Christian MO,OLDFIELD,270,0.583
65720,29067,Douglas MO,OLDFIELD,193,0.417
65721,29043,Christian MO,OZARK,18575,0.972
65721,29077,Greene MO,OZARK,542,0.028
65722,29059,Dallas MO,PHILLIPSBURG,80,0.053
65722,29105,Laclede MO,PHILLIPSBURG,1424,0.947
65723,29009,Barry MO,PIERCE CITY,338,0.092
65723,29109,Lawrence MO,PIERCE CITY,2810,0.767
65723,29145,Newton MO,PIERCE CITY,514,0.14
65724,29085,Hickory MO,PITTSBURG,1330,0.972
65724,29167,Polk MO,PITTSBURG,39,0.028
65725,29077,Greene MO,PLEASANT HOPE,891,0.385
65725,29167,Polk MO,PLEASANT HOPE,1425,0.615
65727,29085,Hickory MO,POLK,7,0.045
65727,29167,Polk MO,POLK,150,0.955
65728,29043,Christian MO,PONCE DE LEON,20,0.183
65728,29209,Stone MO,PONCE DE LEON,89,0.817
65729,29153,Ozark MO,PONTIAC,223,1
65730,29119,McDonald MO,POWELL,158,1
65731,29213,Taney MO,POWERSITE,346,1
65732,29085,Hickory MO,PRESTON,815,1
65733,29213,Taney MO,PROTEM,308,1
65734,29009,Barry MO,PURDY,3220,1
65734,29145,Newton MO,PURDY,1,0
65735,29015,Benton MO,QUINCY,8,0.042
65735,29085,Hickory MO,QUINCY,115,0.602
65735,29185,St. Clair MO,QUINCY,68,0.356
65737,29043,Christian MO,BRANSON WEST,15,0.002
65737,29209,Stone MO,BRANSON WEST,6128,0.968
65737,29213,Taney MO,BRANSON WEST,187,0.03
65738,29043,Christian MO,REPUBLIC,174,0.015
65738,29077,Greene MO,REPUBLIC,11052,0.982
65738,29109,Lawrence MO,REPUBLIC,33,0.003
65739,29213,Taney MO,RIDGEDALE,1072,1
65740,29213,Taney MO,ROCKAWAY BEACH,2649,1
65742,29043,Christian MO,ROGERSVILLE,1258,0.144
65742,29077,Greene MO,ROGERSVILLE,4321,0.494
65742,29225,Webster MO,ROGERSVILLE,3161,0.362
65744,29213,Taney MO,RUETER,144,1
65745,29009,Barry MO,SELIGMAN,2360,1
65746,29067,Douglas MO,SEYMOUR,367,0.053
65746,29225,Webster MO,SEYMOUR,6452,0.926
65746,29229,Wright MO,SEYMOUR,146,0.021
65747,29009,Barry MO,SHELL KNOB,2286,0.638
65747,29209,Stone MO,SHELL KNOB,1299,0.362
65752,29057,Dade MO,SOUTH GREENFIELD,419,0.877
65752,29109,Lawrence MO,SOUTH GREENFIELD,59,0.123
65753,29043,Christian MO,SPARTA,3897,0.996
65753,29067,Douglas MO,SPARTA,17,0.004
65754,29043,Christian MO,SPOKANE,737,1
65755,29067,Douglas MO,SQUIRES,334,0.715
65755,29153,Ozark MO,SQUIRES,133,0.285
65756,29109,Lawrence MO,STOTTS CITY,790,1
65757,29077,Greene MO,STRAFFORD,4714,0.804
65757,29225,Webster MO,STRAFFORD,1148,0.196
65759,29213,Taney MO,TANEYVILLE,1164,1
65760,29153,Ozark MO,TECUMSEH,624,1
65761,29153,Ozark MO,DUGGINSVILLE,1076,0.933
65761,29213,Taney MO,DUGGINSVILLE,77,0.067
65762,29153,Ozark MO,NOTTINGHILL,453,1
65764,29059,Dallas MO,TUNAS,1265,1
65766,29153,Ozark MO,UDALL,148,1
65767,29059,Dallas MO,URBANA,1184,0.613
65767,29085,Hickory MO,URBANA,670,0.347
65767,29167,Polk MO,URBANA,77,0.04
65768,29067,Douglas MO,VANZANT,383,1
65769,29009,Barry MO,VERONA,880,0.282
65769,29109,Lawrence MO,VERONA,2241,0.718
65770,29057,Dade MO,WALNUT GROVE,116,0.042
65770,29077,Greene MO,WALNUT GROVE,2052,0.745
65770,29167,Polk MO,WALNUT GROVE,585,0.212
65771,29213,Taney MO,WALNUT SHADE,896,1
65772,29009,Barry MO,WASHBURN,1746,0.754
65772,29119,McDonald MO,WASHBURN,569,0.246
65773,29153,Ozark MO,SOUDER,778,1
65774,29085,Hickory MO,WEAUBLEAU,1028,0.937
65774,29185,St. Clair MO,WEAUBLEAU,69,0.063
65775,29067,Douglas MO,WEST PLAINS,234,0.01
65775,29091,Howell MO,WEST PLAINS,22328,0.979
65775,29149,Oregon MO,WEST PLAINS,246,0.011
65777,29091,Howell MO,MOODY,337,1
65778,29149,Oregon MO,MYRTLE,551,1
65779,29085,Hickory MO,WHEATLAND,1913,1
65781,29077,Greene MO,WILLARD,6075,0.964
65781,29167,Polk MO,WILLARD,225,0.036
65783,29059,Dallas MO,WINDYVILLE,153,1
65784,29153,Ozark MO,ZANONI,34,1
65785,29039,Cedar MO,STOCKTON,4954,0.979
65785,29057,Dade MO,STOCKTON,7,0.001
65785,29185,St. Clair MO,STOCKTON,101,0.02
65786,29029,Camden MO,MACKS CREEK,2017,0.977
65786,29059,Dallas MO,MACKS CREEK,47,0.023
65787,29029,Camden MO,ROACH,1104,1
65788,29091,Howell MO,PEACE VALLEY,427,0.955
65788,29149,Oregon MO,PEACE VALLEY,20,0.045
65789,29091,Howell MO,POMONA,1889,1
65790,29091,Howell MO,POTTERSVILLE,544,0.842
65790,29153,Ozark MO,POTTERSVILLE,102,0.158
65791,29149,Oregon MO,THAYER,4267,1
65793,29067,Douglas MO,WILLOW SPRINGS,193,0.032
65793,29091,Howell MO,WILLOW SPRINGS,5105,0.848
65793,29215,Texas MO,WILLOW SPRINGS,721,0.12
65802,29077,Greene MO,SPRINGFIELD,39272,1
65803,29077,Greene MO,SPRINGFIELD,38453,1
65804,29077,Greene MO,SPRINGFIELD,35482,1
65806,29077,Greene MO,SPRINGFIELD,11073,1
65807,29077,Greene MO,SPRINGFIELD,49132,1
65809,29077,Greene MO,SPRINGFIELD,9501,1
65810,29077,Greene MO,SPRINGFIELD,15904,1
72644,29213,Taney MO,LEAD HILL,13,1
